This is pdfTeX, Version 3.141592653-2.6-1.40.27 (MiKTeX 25.4 Portable) (preloaded format=pdflatex 2025.11.6)  9 DEC 2025 16:59
entering extended mode
 restricted \write18 enabled.
 %&-line parsing enabled.
**./tcc1_maxwell.tex
(tcc1_maxwell.tex
LaTeX2e <2025-06-01> patch level 1
L3 programming layer <2025-10-09>
(C:\miktex-portable\texmfs\install\tex/latex/ufrgscca\ufrgscca.cls
Document Class: ufrgscca 2025/09/18 v2.12 UFRGS/CCA class
(C:\miktex-portable\texmfs\install\tex/latex/etex-pkg\etex.sty
Package: etex 2016/08/01 v2.7 eTeX basic definition package (PEB,DPC)


Package etex Warning: Extended allocation already in use.
(etex)                etex.sty code will not be used.
(etex)                To force etex package to load, add
(etex)                \RequirePackage{etex}
(etex)                at the start of the document.

) (C:\miktex-portable\texmfs\install\tex/latex/etoolbox\etoolbox.sty
Package: etoolbox 2025/10/02 v2.5m e-TeX tools for LaTeX (JAW)
\etb@tempcnta=\count275
)
(C:\miktex-portable\texmfs\install\tex/latex/starray\starray.sty
Package: starray 2025/08/04 v1.10 A structured array/hash of properties
)
(C:\miktex-portable\texmfs\install\tex/latex/base\fontenc.sty
Package: fontenc 2024/12/21 v2.1c Standard LaTeX package
)
(C:\miktex-portable\texmfs\install\tex/latex/base\inputenc.sty
Package: inputenc 2024/02/08 v1.3d Input encoding file
\inpenc@prehook=\toks17
\inpenc@posthook=\toks18
)
(C:\miktex-portable\texmfs\install\tex/latex/lm\lmodern.sty
Package: lmodern 2015/05/01 v1.6.1 Latin Modern Fonts
LaTeX Font Info:    Overwriting symbol font `operators' in version `normal'
(Font)                  OT1/cmr/m/n --> OT1/lmr/m/n on input line 22.
LaTeX Font Info:    Overwriting symbol font `letters' in version `normal'
(Font)                  OML/cmm/m/it --> OML/lmm/m/it on input line 23.
LaTeX Font Info:    Overwriting symbol font `symbols' in version `normal'
(Font)                  OMS/cmsy/m/n --> OMS/lmsy/m/n on input line 24.
LaTeX Font Info:    Overwriting symbol font `largesymbols' in version `normal'
(Font)                  OMX/cmex/m/n --> OMX/lmex/m/n on input line 25.
LaTeX Font Info:    Overwriting symbol font `operators' in version `bold'
(Font)                  OT1/cmr/bx/n --> OT1/lmr/bx/n on input line 26.
LaTeX Font Info:    Overwriting symbol font `letters' in version `bold'
(Font)                  OML/cmm/b/it --> OML/lmm/b/it on input line 27.
LaTeX Font Info:    Overwriting symbol font `symbols' in version `bold'
(Font)                  OMS/cmsy/b/n --> OMS/lmsy/b/n on input line 28.
LaTeX Font Info:    Overwriting symbol font `largesymbols' in version `bold'
(Font)                  OMX/cmex/m/n --> OMX/lmex/m/n on input line 29.
LaTeX Font Info:    Overwriting math alphabet `\mathbf' in version `normal'
(Font)                  OT1/cmr/bx/n --> OT1/lmr/bx/n on input line 31.
LaTeX Font Info:    Overwriting math alphabet `\mathsf' in version `normal'
(Font)                  OT1/cmss/m/n --> OT1/lmss/m/n on input line 32.
LaTeX Font Info:    Overwriting math alphabet `\mathit' in version `normal'
(Font)                  OT1/cmr/m/it --> OT1/lmr/m/it on input line 33.
LaTeX Font Info:    Overwriting math alphabet `\mathtt' in version `normal'
(Font)                  OT1/cmtt/m/n --> OT1/lmtt/m/n on input line 34.
LaTeX Font Info:    Overwriting math alphabet `\mathbf' in version `bold'
(Font)                  OT1/cmr/bx/n --> OT1/lmr/bx/n on input line 35.
LaTeX Font Info:    Overwriting math alphabet `\mathsf' in version `bold'
(Font)                  OT1/cmss/bx/n --> OT1/lmss/bx/n on input line 36.
LaTeX Font Info:    Overwriting math alphabet `\mathit' in version `bold'
(Font)                  OT1/cmr/bx/it --> OT1/lmr/bx/it on input line 37.
LaTeX Font Info:    Overwriting math alphabet `\mathtt' in version `bold'
(Font)                  OT1/cmtt/m/n --> OT1/lmtt/m/n on input line 38.
)
(C:\miktex-portable\texmfs\install\tex/latex/base\report.cls
Document Class: report 2025/01/22 v1.4n Standard LaTeX document class
(C:\miktex-portable\texmfs\install\tex/latex/base\size12.clo
File: size12.clo 2025/01/22 v1.4n Standard LaTeX file (size option)
)
\c@part=\count276
\c@chapter=\count277
\c@section=\count278
\c@subsection=\count279
\c@subsubsection=\count280
\c@paragraph=\count281
\c@subparagraph=\count282
\c@figure=\count283
\c@table=\count284
\abovecaptionskip=\skip49
\belowcaptionskip=\skip50
\bibindent=\dimen148
)
(C:\miktex-portable\texmfs\install\tex/latex/silence\silence.sty
Package: silence 2012/07/02 v1.5b Selective filtering of warnings and error mes
sages
\sl@Save=\count285
\sl@StateNumber=\count286
\sl@MessageCount=\count287
\sl@Casualties=\count288
\sl@Filter=\toks19
\sl@Message=\toks20
\sl@UnexpandedMessage=\toks21
\sl@Mess@ge=\toks22
\sl@WarningCount=\count289
\sl@WarningNumber=\count290
\sl@WarningCasualties=\count291
\sl@TempBOW=\toks23
\sl@BankOfWarnings=\toks24
LaTeX Info: Redefining \GenericWarning on input line 433.
\sl@ErrorCount=\count292
\sl@ErrorNumber=\count293
\sl@ErrorCasualties=\count294
\sl@TempBOE=\toks25
\sl@BankOfErrors=\toks26
LaTeX Info: Redefining \GenericError on input line 601.
)
(C:\miktex-portable\texmfs\install\tex/latex/ufrgscca\ufrgscca-abnt.sty
Package: ufrgscca-abnt 2025/09/18 v2.12 UFRGS/CCA ABNT layout

(C:\miktex-portable\texmfs\install\tex/generic/babel\babel.sty
Package: babel 2025/10/22 v25.14 The multilingual framework for LuaLaTeX, pdfLa
TeX and XeLaTeX
\babel@savecnt=\count295
LaTeX Encoding Info:    Redeclaring text command \ij (encoding OT1) on input li
ne 2050.
LaTeX Encoding Info:    Redeclaring text command \IJ (encoding OT1) on input li
ne 2052.
LaTeX Encoding Info:    Redeclaring text command \ij (encoding T1) on input lin
e 2054.
LaTeX Encoding Info:    Redeclaring text command \IJ (encoding T1) on input lin
e 2055.
LaTeX Encoding Info:    Ignoring declaration for text command \ij (encoding ?) 
on input line 2056.
LaTeX Encoding Info:    Ignoring declaration for text command \IJ (encoding ?) 
on input line 2058.
LaTeX Encoding Info:    Ignoring declaration for text command \SS (encoding ?) 
on input line 2083.
\U@D=\dimen149
\l@unhyphenated=\language79

(C:\miktex-portable\texmfs\install\tex/generic/babel\txtbabel.def)
\bbl@readstream=\read2
\bbl@dirlevel=\count296


Package babel Warning: Configuration files are deprecated, as
(babel)                they can break document portability.
(babel)                Reported on input line 4172.

*************************************
* Local config file bblopts.cfg used
*
(C:\miktex-portable\texmfs\install\tex/latex/arabi\bblopts.cfg
File: bblopts.cfg 2005/09/08 v0.1 add Arabic and Farsi to "declared" options of
 babel
)
(C:\miktex-portable\texmfs\install\tex/generic/babel/locale/en\babel-english.te
x)
(C:\miktex-portable\texmfs\install\tex/generic/babel/locale/pt\babel-brazilian.
tex)
Package babel Info: Importing font and identification data for english
(babel)             from babel-en.ini. Reported on input line 4295.
 (C:\miktex-portable\texmfs\install\tex/latex/babel-english\english.ldf
Language: english 2017/06/06 v3.3r English support from the babel system
Package babel Info: Hyphen rules for 'canadian' set to \l@english
(babel)             (\language0). Reported on input line 102.
Package babel Info: Hyphen rules for 'australian' set to \l@ukenglish
(babel)             (\language73). Reported on input line 105.
Package babel Info: Hyphen rules for 'newzealand' set to \l@ukenglish
(babel)             (\language73). Reported on input line 108.
)
Package babel Info: Importing font and identification data for brazilian
(babel)             from babel-pt-BR.ini. Reported on input line 4295.

(C:\miktex-portable\texmfs\install\tex/latex/babel-portuges\brazilian.ldf
Language: portuges 2021/07/09 v1.2t Portuguese support from the babel system
Package babel Info: Hyphen rules for 'brazilian' set to \l@portuguese
(babel)             (\language56). Reported on input line 111.
Package babel Info: Making " an active character on input line 143.
))
(C:\miktex-portable\texmfs\install\tex/latex/csquotes\csquotes.sty
Package: csquotes 2024-04-04 v5.2o context-sensitive quotations (JAW)

(C:\miktex-portable\texmfs\install\tex/latex/graphics\keyval.sty
Package: keyval 2022/05/29 v1.15 key=value parser (DPC)
\KV@toks@=\toks27
)
\csq@reset=\count297
\csq@gtype=\count298
\csq@glevel=\count299
\csq@qlevel=\count300
\csq@maxlvl=\count301
\csq@tshold=\count302
\csq@ltx@everypar=\toks28

(C:\miktex-portable\texmfs\install\tex/latex/csquotes\csquotes.def
File: csquotes.def 2024-04-04 v5.2o csquotes generic definitions (JAW)
)
Package csquotes Info: Trying to load configuration file 'csquotes.cfg'...
Package csquotes Info: ... configuration file loaded successfully.

(C:\miktex-portable\texmfs\install\tex/latex/csquotes\csquotes.cfg
File: csquotes.cfg 
))
(C:\miktex-portable\texmfs\install\tex/latex/geometry\geometry.sty
Package: geometry 2020/01/02 v5.9 Page Geometry

(C:\miktex-portable\texmfs\install\tex/generic/iftex\ifvtex.sty
Package: ifvtex 2019/10/25 v1.7 ifvtex legacy package. Use iftex instead.

(C:\miktex-portable\texmfs\install\tex/generic/iftex\iftex.sty
Package: iftex 2024/12/12 v1.0g TeX engine tests
))
\Gm@cnth=\count303
\Gm@cntv=\count304
\c@Gm@tempcnt=\count305
\Gm@bindingoffset=\dimen150
\Gm@wd@mp=\dimen151
\Gm@odd@mp=\dimen152
\Gm@even@mp=\dimen153
\Gm@layoutwidth=\dimen154
\Gm@layoutheight=\dimen155
\Gm@layouthoffset=\dimen156
\Gm@layoutvoffset=\dimen157
\Gm@dimlist=\toks29

(C:\miktex-portable\texmfs\install\tex/latex/geometry\geometry.cfg))
(C:\miktex-portable\texmfs\install\tex/latex/appendix\appendix.sty
Package: appendix 2020/02/08 v1.2c extra appendix facilities
\c@@pps=\count306
\c@@ppsavesec=\count307
\c@@ppsaveapp=\count308
)
(C:\miktex-portable\texmfs\install\tex/latex/titlesec\titlesec.sty
Package: titlesec 2025/01/04 v2.17 Sectioning titles
\ttl@box=\box53
\beforetitleunit=\skip51
\aftertitleunit=\skip52
\ttl@plus=\dimen158
\ttl@minus=\dimen159
\ttl@toksa=\toks30
\titlewidth=\dimen160
\titlewidthlast=\dimen161
\titlewidthfirst=\dimen162

(C:\miktex-portable\texmfs\install\tex/latex/titlesec\titleps.sty))
(C:\miktex-portable\texmfs\install\tex/latex/titlesec\titletoc.sty
Package: titletoc 2025/01/04 v2.17 TOC entries
\ttl@leftsep=\dimen163
)
(C:\miktex-portable\texmfs\install\tex/latex/enumitem\enumitem.sty
Package: enumitem 2025/02/06 v3.11 Customized lists
\labelindent=\skip53
\enit@outerparindent=\dimen164
\enit@toks=\toks31
\enit@inbox=\box54
\enit@count@id=\count309
\enitdp@description=\count310
)
(C:\miktex-portable\texmfs\install\tex/latex/chngcntr\chngcntr.sty
Package: chngcntr 2018/04/09 v1.1a change counter resetting
Package chngcntr Info: \counterwithout already defined.
(chngcntr)             Quitting chngcntr on input line 21.
)
(C:\miktex-portable\texmfs\install\tex/latex/caption\caption.sty
Package: caption 2023/08/05 v3.6o Customizing captions (AR)

(C:\miktex-portable\texmfs\install\tex/latex/caption\caption3.sty
Package: caption3 2023/07/31 v2.4d caption3 kernel (AR)
\caption@tempdima=\dimen165
\captionmargin=\dimen166
\caption@leftmargin=\dimen167
\caption@rightmargin=\dimen168
\caption@width=\dimen169
\caption@indent=\dimen170
\caption@parindent=\dimen171
\caption@hangindent=\dimen172
Package caption Info: Standard document class detected.
)
\c@caption@flags=\count311
\c@continuedfloat=\count312
)
\noteindent=\skip54

(C:\miktex-portable\texmfs\install\tex/latex/tools\array.sty
Package: array 2025/06/08 v2.6j Tabular extension package (FMi)
\col@sep=\dimen173
\ar@mcellbox=\box55
\extrarowheight=\dimen174
\NC@list=\toks32
\extratabsurround=\skip55
\backup@length=\skip56
\ar@cellbox=\box56
)
(C:\miktex-portable\texmfs\install\tex/latex/nicematrix\nicematrix.sty
(C:\miktex-portable\texmfs\install\tex/latex/pgf/basiclayer\pgfcore.sty
(C:\miktex-portable\texmfs\install\tex/latex/graphics\graphicx.sty
Package: graphicx 2024/12/31 v1.2e Enhanced LaTeX Graphics (DPC,SPQR)

(C:\miktex-portable\texmfs\install\tex/latex/graphics\graphics.sty
Package: graphics 2024/08/06 v1.4g Standard LaTeX Graphics (DPC,SPQR)

(C:\miktex-portable\texmfs\install\tex/latex/graphics\trig.sty
Package: trig 2023/12/02 v1.11 sin cos tan (DPC)
)
(C:\miktex-portable\texmfs\install\tex/latex/graphics-cfg\graphics.cfg
File: graphics.cfg 2016/06/04 v1.11 sample graphics configuration
)
Package graphics Info: Driver file: pdftex.def on input line 106.

(C:\miktex-portable\texmfs\install\tex/latex/graphics-def\pdftex.def
File: pdftex.def 2025/09/29 v1.2d Graphics/color driver for pdftex
))
\Gin@req@height=\dimen175
\Gin@req@width=\dimen176
)
(C:\miktex-portable\texmfs\install\tex/latex/pgf/systemlayer\pgfsys.sty
(C:\miktex-portable\texmfs\install\tex/latex/pgf/utilities\pgfrcs.sty
(C:\miktex-portable\texmfs\install\tex/generic/pgf/utilities\pgfutil-common.tex
\pgfutil@everybye=\toks33
\pgfutil@tempdima=\dimen177
\pgfutil@tempdimb=\dimen178
)
(C:\miktex-portable\texmfs\install\tex/generic/pgf/utilities\pgfutil-latex.def
\pgfutil@abb=\box57
) (C:\miktex-portable\texmfs\install\tex/generic/pgf/utilities\pgfrcs.code.tex
(C:\miktex-portable\texmfs\install\tex/generic/pgf\pgf.revision.tex)
Package: pgfrcs 2025-08-29 v3.1.11a (3.1.11a)
))
(C:\miktex-portable\texmfs\install\tex/generic/pgf/systemlayer\pgfsys.code.tex
Package: pgfsys 2025-08-29 v3.1.11a (3.1.11a)

(C:\miktex-portable\texmfs\install\tex/generic/pgf/utilities\pgfkeys.code.tex
\pgfkeys@pathtoks=\toks34
\pgfkeys@temptoks=\toks35

(C:\miktex-portable\texmfs\install\tex/generic/pgf/utilities\pgfkeyslibraryfilt
ered.code.tex
\pgfkeys@tmptoks=\toks36
))
\pgf@x=\dimen179
\pgf@y=\dimen180
\pgf@xa=\dimen181
\pgf@ya=\dimen182
\pgf@xb=\dimen183
\pgf@yb=\dimen184
\pgf@xc=\dimen185
\pgf@yc=\dimen186
\pgf@xd=\dimen187
\pgf@yd=\dimen188
\w@pgf@writea=\write3
\r@pgf@reada=\read3
\c@pgf@counta=\count313
\c@pgf@countb=\count314
\c@pgf@countc=\count315
\c@pgf@countd=\count316
\t@pgf@toka=\toks37
\t@pgf@tokb=\toks38
\t@pgf@tokc=\toks39
\pgf@sys@id@count=\count317

(C:\miktex-portable\texmfs\install\tex/generic/pgf/systemlayer\pgf.cfg
File: pgf.cfg 2025-08-29 v3.1.11a (3.1.11a)
)
Driver file for pgf: pgfsys-pdftex.def

(C:\miktex-portable\texmfs\install\tex/generic/pgf/systemlayer\pgfsys-pdftex.de
f
File: pgfsys-pdftex.def 2025-08-29 v3.1.11a (3.1.11a)

(C:\miktex-portable\texmfs\install\tex/generic/pgf/systemlayer\pgfsys-common-pd
f.def
File: pgfsys-common-pdf.def 2025-08-29 v3.1.11a (3.1.11a)
)))
(C:\miktex-portable\texmfs\install\tex/generic/pgf/systemlayer\pgfsyssoftpath.c
ode.tex
File: pgfsyssoftpath.code.tex 2025-08-29 v3.1.11a (3.1.11a)
\pgfsyssoftpath@smallbuffer@items=\count318
\pgfsyssoftpath@bigbuffer@items=\count319
)
(C:\miktex-portable\texmfs\install\tex/generic/pgf/systemlayer\pgfsysprotocol.c
ode.tex
File: pgfsysprotocol.code.tex 2025-08-29 v3.1.11a (3.1.11a)
)) (C:\miktex-portable\texmfs\install\tex/latex/xcolor\xcolor.sty
Package: xcolor 2024/09/29 v3.02 LaTeX color extensions (UK)

(C:\miktex-portable\texmfs\install\tex/latex/graphics-cfg\color.cfg
File: color.cfg 2016/01/02 v1.6 sample color configuration
)
Package xcolor Info: Driver file: pdftex.def on input line 274.

(C:\miktex-portable\texmfs\install\tex/latex/graphics\mathcolor.ltx)
Package xcolor Info: Model `cmy' substituted by `cmy0' on input line 1349.
Package xcolor Info: Model `hsb' substituted by `rgb' on input line 1353.
Package xcolor Info: Model `RGB' extended on input line 1365.
Package xcolor Info: Model `HTML' substituted by `rgb' on input line 1367.
Package xcolor Info: Model `Hsb' substituted by `hsb' on input line 1368.
Package xcolor Info: Model `tHsb' substituted by `hsb' on input line 1369.
Package xcolor Info: Model `HSB' substituted by `hsb' on input line 1370.
Package xcolor Info: Model `Gray' substituted by `gray' on input line 1371.
Package xcolor Info: Model `wave' substituted by `hsb' on input line 1372.
)
(C:\miktex-portable\texmfs\install\tex/generic/pgf/basiclayer\pgfcore.code.tex
Package: pgfcore 2025-08-29 v3.1.11a (3.1.11a)

(C:\miktex-portable\texmfs\install\tex/generic/pgf/math\pgfmath.code.tex
(C:\miktex-portable\texmfs\install\tex/generic/pgf/math\pgfmathutil.code.tex)
(C:\miktex-portable\texmfs\install\tex/generic/pgf/math\pgfmathparser.code.tex
\pgfmath@dimen=\dimen189
\pgfmath@count=\count320
\pgfmath@box=\box58
\pgfmath@toks=\toks40
\pgfmath@stack@operand=\toks41
\pgfmath@stack@operation=\toks42
)
(C:\miktex-portable\texmfs\install\tex/generic/pgf/math\pgfmathfunctions.code.t
ex)
(C:\miktex-portable\texmfs\install\tex/generic/pgf/math\pgfmathfunctions.basic.
code.tex)
(C:\miktex-portable\texmfs\install\tex/generic/pgf/math\pgfmathfunctions.trigon
ometric.code.tex)
(C:\miktex-portable\texmfs\install\tex/generic/pgf/math\pgfmathfunctions.random
.code.tex)
(C:\miktex-portable\texmfs\install\tex/generic/pgf/math\pgfmathfunctions.compar
ison.code.tex)
(C:\miktex-portable\texmfs\install\tex/generic/pgf/math\pgfmathfunctions.base.c
ode.tex)
(C:\miktex-portable\texmfs\install\tex/generic/pgf/math\pgfmathfunctions.round.
code.tex)
(C:\miktex-portable\texmfs\install\tex/generic/pgf/math\pgfmathfunctions.misc.c
ode.tex)
(C:\miktex-portable\texmfs\install\tex/generic/pgf/math\pgfmathfunctions.intege
rarithmetics.code.tex)
(C:\miktex-portable\texmfs\install\tex/generic/pgf/math\pgfmathcalc.code.tex)
(C:\miktex-portable\texmfs\install\tex/generic/pgf/math\pgfmathfloat.code.tex
\c@pgfmathroundto@lastzeros=\count321
)) (C:\miktex-portable\texmfs\install\tex/generic/pgf/math\pgfint.code.tex)
(C:\miktex-portable\texmfs\install\tex/generic/pgf/basiclayer\pgfcorepoints.cod
e.tex
File: pgfcorepoints.code.tex 2025-08-29 v3.1.11a (3.1.11a)
\pgf@picminx=\dimen190
\pgf@picmaxx=\dimen191
\pgf@picminy=\dimen192
\pgf@picmaxy=\dimen193
\pgf@pathminx=\dimen194
\pgf@pathmaxx=\dimen195
\pgf@pathminy=\dimen196
\pgf@pathmaxy=\dimen197
\pgf@xx=\dimen198
\pgf@xy=\dimen199
\pgf@yx=\dimen256
\pgf@yy=\dimen257
\pgf@zx=\dimen258
\pgf@zy=\dimen259
)
(C:\miktex-portable\texmfs\install\tex/generic/pgf/basiclayer\pgfcorepathconstr
uct.code.tex
File: pgfcorepathconstruct.code.tex 2025-08-29 v3.1.11a (3.1.11a)
\pgf@path@lastx=\dimen260
\pgf@path@lasty=\dimen261
)
(C:\miktex-portable\texmfs\install\tex/generic/pgf/basiclayer\pgfcorepathusage.
code.tex
File: pgfcorepathusage.code.tex 2025-08-29 v3.1.11a (3.1.11a)
\pgf@shorten@end@additional=\dimen262
\pgf@shorten@start@additional=\dimen263
)
(C:\miktex-portable\texmfs\install\tex/generic/pgf/basiclayer\pgfcorescopes.cod
e.tex
File: pgfcorescopes.code.tex 2025-08-29 v3.1.11a (3.1.11a)
\pgfpic=\box59
\pgf@hbox=\box60
\pgf@layerbox@main=\box61
\pgf@picture@serial@count=\count322
)
(C:\miktex-portable\texmfs\install\tex/generic/pgf/basiclayer\pgfcoregraphicsta
te.code.tex
File: pgfcoregraphicstate.code.tex 2025-08-29 v3.1.11a (3.1.11a)
\pgflinewidth=\dimen264
)
(C:\miktex-portable\texmfs\install\tex/generic/pgf/basiclayer\pgfcoretransforma
tions.code.tex
File: pgfcoretransformations.code.tex 2025-08-29 v3.1.11a (3.1.11a)
\pgf@pt@x=\dimen265
\pgf@pt@y=\dimen266
\pgf@pt@temp=\dimen267
)
(C:\miktex-portable\texmfs\install\tex/generic/pgf/basiclayer\pgfcorequick.code
.tex
File: pgfcorequick.code.tex 2025-08-29 v3.1.11a (3.1.11a)
)
(C:\miktex-portable\texmfs\install\tex/generic/pgf/basiclayer\pgfcoreobjects.co
de.tex
File: pgfcoreobjects.code.tex 2025-08-29 v3.1.11a (3.1.11a)
)
(C:\miktex-portable\texmfs\install\tex/generic/pgf/basiclayer\pgfcorepathproces
sing.code.tex
File: pgfcorepathprocessing.code.tex 2025-08-29 v3.1.11a (3.1.11a)
)
(C:\miktex-portable\texmfs\install\tex/generic/pgf/basiclayer\pgfcorearrows.cod
e.tex
File: pgfcorearrows.code.tex 2025-08-29 v3.1.11a (3.1.11a)
\pgfarrowsep=\dimen268
)
(C:\miktex-portable\texmfs\install\tex/generic/pgf/basiclayer\pgfcoreshade.code
.tex
File: pgfcoreshade.code.tex 2025-08-29 v3.1.11a (3.1.11a)
\pgf@max=\dimen269
\pgf@sys@shading@range@num=\count323
\pgf@shadingcount=\count324
)
(C:\miktex-portable\texmfs\install\tex/generic/pgf/basiclayer\pgfcoreimage.code
.tex
File: pgfcoreimage.code.tex 2025-08-29 v3.1.11a (3.1.11a)
)
(C:\miktex-portable\texmfs\install\tex/generic/pgf/basiclayer\pgfcoreexternal.c
ode.tex
File: pgfcoreexternal.code.tex 2025-08-29 v3.1.11a (3.1.11a)
\pgfexternal@startupbox=\box62
)
(C:\miktex-portable\texmfs\install\tex/generic/pgf/basiclayer\pgfcorelayers.cod
e.tex
File: pgfcorelayers.code.tex 2025-08-29 v3.1.11a (3.1.11a)
)
(C:\miktex-portable\texmfs\install\tex/generic/pgf/basiclayer\pgfcoretransparen
cy.code.tex
File: pgfcoretransparency.code.tex 2025-08-29 v3.1.11a (3.1.11a)
)
(C:\miktex-portable\texmfs\install\tex/generic/pgf/basiclayer\pgfcorepatterns.c
ode.tex
File: pgfcorepatterns.code.tex 2025-08-29 v3.1.11a (3.1.11a)
)
(C:\miktex-portable\texmfs\install\tex/generic/pgf/basiclayer\pgfcorerdf.code.t
ex
File: pgfcorerdf.code.tex 2025-08-29 v3.1.11a (3.1.11a)
)))
(C:\miktex-portable\texmfs\install\tex/generic/pgf/modules\pgfmoduleshapes.code
.tex
File: pgfmoduleshapes.code.tex 2025-08-29 v3.1.11a (3.1.11a)
\pgfnodeparttextbox=\box63
)
Package: nicematrix 2025/10/23 v7.4 Enhanced arrays with the help of PGF/TikZ
 (C:\miktex-portable\texmfs\install\tex/latex/amsmath\amsmath.sty
Package: amsmath 2025/06/16 v2.17y AMS math features
\@mathmargin=\skip57

For additional information on amsmath, use the `?' option.
(C:\miktex-portable\texmfs\install\tex/latex/amsmath\amstext.sty
Package: amstext 2024/11/17 v2.01 AMS text

(C:\miktex-portable\texmfs\install\tex/latex/amsmath\amsgen.sty
File: amsgen.sty 1999/11/30 v2.0 generic functions
\@emptytoks=\toks43
\ex@=\dimen270
))
(C:\miktex-portable\texmfs\install\tex/latex/amsmath\amsbsy.sty
Package: amsbsy 1999/11/29 v1.2d Bold Symbols
\pmbraise@=\dimen271
)
(C:\miktex-portable\texmfs\install\tex/latex/amsmath\amsopn.sty
Package: amsopn 2022/04/08 v2.04 operator names
)
\inf@bad=\count325
LaTeX Info: Redefining \frac on input line 233.
\uproot@=\count326
\leftroot@=\count327
LaTeX Info: Redefining \overline on input line 398.
LaTeX Info: Redefining \colon on input line 409.
\classnum@=\count328
\DOTSCASE@=\count329
LaTeX Info: Redefining \ldots on input line 495.
LaTeX Info: Redefining \dots on input line 498.
LaTeX Info: Redefining \cdots on input line 619.
\Mathstrutbox@=\box64
\strutbox@=\box65
LaTeX Info: Redefining \big on input line 721.
LaTeX Info: Redefining \Big on input line 722.
LaTeX Info: Redefining \bigg on input line 723.
LaTeX Info: Redefining \Bigg on input line 724.
\big@size=\dimen272
LaTeX Font Info:    Redeclaring font encoding OML on input line 742.
LaTeX Font Info:    Redeclaring font encoding OMS on input line 743.
\macc@depth=\count330
LaTeX Info: Redefining \bmod on input line 904.
LaTeX Info: Redefining \pmod on input line 909.
LaTeX Info: Redefining \smash on input line 939.
LaTeX Info: Redefining \relbar on input line 969.
LaTeX Info: Redefining \Relbar on input line 970.
\c@MaxMatrixCols=\count331
\dotsspace@=\muskip17
\c@parentequation=\count332
\dspbrk@lvl=\count333
\tag@help=\toks44
\row@=\count334
\column@=\count335
\maxfields@=\count336
\andhelp@=\toks45
\eqnshift@=\dimen273
\alignsep@=\dimen274
\tagshift@=\dimen275
\tagwidth@=\dimen276
\totwidth@=\dimen277
\lineht@=\dimen278
\@envbody=\toks46
\multlinegap=\skip58
\multlinetaggap=\skip59
\mathdisplay@stack=\toks47
LaTeX Info: Redefining \[ on input line 2949.
LaTeX Info: Redefining \] on input line 2950.
)
\l__nicematrix_tmpc_dim=\dimen279
\l__nicematrix_tmpd_dim=\dimen280
\l__nicematrix_tmpc_int=\count337
\g__nicematrix_env_int=\count338
\l__nicematrix_the_array_box=\box66
\g__nicematrix_NiceMatrixBlock_int=\count339
\g__nicematrix_notes_caption_int=\count340
\l__nicematrix_columns_width_dim=\dimen281
\l__nicematrix_col_width_dim=\dimen282
\g__nicematrix_row_total_int=\count341
\g__nicematrix_col_total_int=\count342
\g__nicematrix_last_row_node_int=\count343
\l__nicematrix_key_nb_rows_int=\count344
\g__nicematrix_blocks_wd_dim=\dimen283
\g__nicematrix_blocks_ht_dim=\dimen284
\g__nicematrix_blocks_dp_dim=\dimen285
\l__nicematrix_width_dim=\dimen286
\l__nicematrix_tabular_width_dim=\dimen287
\l__nicematrix_rule_width_dim=\dimen288
\l__nicematrix_old_iRow_int=\count345
\l__nicematrix_old_jCol_int=\count346
\l__nicematrix_X_columns_dim=\dimen289
\l__nicematrix_x_initial_dim=\dimen290
\l__nicematrix_y_initial_dim=\dimen291
\l__nicematrix_x_final_dim=\dimen292
\l__nicematrix_y_final_dim=\dimen293
\g__nicematrix_dp_row_zero_dim=\dimen294
\g__nicematrix_ht_row_zero_dim=\dimen295
\g__nicematrix_ht_row_one_dim=\dimen296
\g__nicematrix_dp_ante_last_row_dim=\dimen297
\g__nicematrix_ht_last_row_dim=\dimen298
\g__nicematrix_dp_last_row_dim=\dimen299
\g__nicematrix_width_last_col_dim=\dimen300
\g__nicematrix_width_first_col_dim=\dimen301
\g__nicematrix_ddots_int=\count347
\g__nicematrix_iddots_int=\count348
\g__nicematrix_delta_x_one_dim=\dimen302
\g__nicematrix_delta_y_one_dim=\dimen303
\g__nicematrix_delta_x_two_dim=\dimen304
\g__nicematrix_delta_y_two_dim=\dimen305
\l__nicematrix_row_min_int=\count349
\l__nicematrix_row_max_int=\count350
\l__nicematrix_col_min_int=\count351
\l__nicematrix_col_max_int=\count352
\l__nicematrix_initial_i_int=\count353
\l__nicematrix_initial_j_int=\count354
\l__nicematrix_final_i_int=\count355
\l__nicematrix_final_j_int=\count356
\l__nicematrix_start_int=\count357
\l__nicematrix_end_int=\count358
\l__nicematrix_local_start_int=\count359
\l__nicematrix_local_end_int=\count360
\g__nicematrix_static_num_of_col_int=\count361
\l__nicematrix_rounded_corners_dim=\dimen306
\l__nicematrix_tab_rounded_corners_dim=\dimen307
\l__nicematrix_offset_dim=\dimen308
\l__nicematrix_line_width_dim=\dimen309
\g__nicematrix_block_box_int=\count362
\l__nicematrix_submatrix_extra_height_dim=\dimen310
\l__nicematrix_submatrix_left_xshift_dim=\dimen311
\l__nicematrix_submatrix_right_xshift_dim=\dimen312
\l__nicematrix_first_row_int=\count363
\l__nicematrix_first_col_int=\count364
\l__nicematrix_last_row_int=\count365
\l__nicematrix_last_col_int=\count366
\c@tabularnote=\count367
\g__nicematrix_tabularnote_int=\count368
\c@nicematrix_draft=\count369
\l__nicematrix_cell_space_top_limit_dim=\dimen313
\l__nicematrix_cell_space_bottom_limit_dim=\dimen314
\l__nicematrix_xdots_inter_dim=\dimen315
\l__nicematrix_xdots_shorten_start_dim=\dimen316
\l__nicematrix_xdots_shorten_end_dim=\dimen317
\l__nicematrix_xdots_radius_dim=\dimen318
\l__nicematrix_left_margin_dim=\dimen319
\l__nicematrix_right_margin_dim=\dimen320
\l__nicematrix_extra_left_margin_dim=\dimen321
\l__nicematrix_extra_right_margin_dim=\dimen322
\c__nicematrix_max_l_dim=\dimen323
\l__nicematrix_position_int=\count370
\l__nicematrix_multiplicity_int=\count371
\l__nicematrix_brace_yshift_dim=\dimen324
)
(C:\miktex-portable\texmfs\install\tex/latex/biblatex\biblatex.sty
Package: biblatex 2025/07/10 v3.21 programmable bibliographies (PK/MW)

(C:\miktex-portable\texmfs\install\tex/generic/pdftexcmds\pdftexcmds.sty
Package: pdftexcmds 2020-06-27 v0.33 Utility functions of pdfTeX for LuaTeX (HO
)

(C:\miktex-portable\texmfs\install\tex/generic/infwarerr\infwarerr.sty
Package: infwarerr 2019/12/03 v1.5 Providing info/warning/error messages (HO)
)
(C:\miktex-portable\texmfs\install\tex/generic/ltxcmds\ltxcmds.sty
Package: ltxcmds 2023-12-04 v1.26 LaTeX kernel commands for general use (HO)
)
Package pdftexcmds Info: \pdf@primitive is available.
Package pdftexcmds Info: \pdf@ifprimitive is available.
Package pdftexcmds Info: \pdfdraftmode found.
)
(C:\miktex-portable\texmfs\install\tex/latex/kvoptions\kvoptions.sty
Package: kvoptions 2022-06-15 v3.15 Key value format for package options (HO)

(C:\miktex-portable\texmfs\install\tex/latex/kvsetkeys\kvsetkeys.sty
Package: kvsetkeys 2022-10-05 v1.19 Key value parser (HO)
))
(C:\miktex-portable\texmfs\install\tex/latex/logreq\logreq.sty
Package: logreq 2010/08/04 v1.0 xml request logger
\lrq@indent=\count372

(C:\miktex-portable\texmfs\install\tex/latex/logreq\logreq.def
File: logreq.def 2010/08/04 v1.0 logreq spec v1.0
))
(C:\miktex-portable\texmfs\install\tex/latex/base\ifthen.sty
Package: ifthen 2024/03/16 v1.1e Standard LaTeX ifthen package (DPC)
)
(C:\miktex-portable\texmfs\install\tex/latex/url\url.sty
\Urlmuskip=\muskip18
Package: url 2013/09/16  ver 3.4  Verb mode for urls, etc.
)
\c@tabx@nest=\count373
\c@listtotal=\count374
\c@listcount=\count375
\c@liststart=\count376
\c@liststop=\count377
\c@citecount=\count378
\c@citetotal=\count379
\c@multicitecount=\count380
\c@multicitetotal=\count381
\c@instcount=\count382
\c@maxnames=\count383
\c@minnames=\count384
\c@maxitems=\count385
\c@minitems=\count386
\c@citecounter=\count387
\c@maxcitecounter=\count388
\c@savedcitecounter=\count389
\c@uniquelist=\count390
\c@uniquename=\count391
\c@refsection=\count392
\c@refsegment=\count393
\c@maxextratitle=\count394
\c@maxextratitleyear=\count395
\c@maxextraname=\count396
\c@maxextradate=\count397
\c@maxextraalpha=\count398
\c@abbrvpenalty=\count399
\c@highnamepenalty=\count400
\c@lownamepenalty=\count401
\c@maxparens=\count402
\c@parenlevel=\count403
\blx@tempcnta=\count404
\blx@tempcntb=\count405
\blx@tempcntc=\count406
\c@blx@maxsection=\count407
\blx@maxsegment@0=\count408
\blx@notetype=\count409
\blx@parenlevel@text=\count410
\blx@parenlevel@foot=\count411
\blx@sectionciteorder@0=\count412
\blx@sectionciteorderinternal@0=\count413
\blx@entrysetcounter=\count414
\blx@biblioinstance=\count415
\labelnumberwidth=\skip60
\labelalphawidth=\skip61
\biblabelsep=\skip62
\bibitemsep=\skip63
\bibnamesep=\skip64
\bibinitsep=\skip65
\bibparsep=\skip66
\bibhang=\skip67
\blx@bcfin=\read4
\blx@bcfout=\write4
\blx@langwohyphens=\language80
\c@mincomprange=\count416
\c@maxcomprange=\count417
\c@mincompwidth=\count418
Package biblatex Info: Trying to load biblatex default data model...
Package biblatex Info: ... file 'blx-dm.def' found.

(C:\miktex-portable\texmfs\install\tex/latex/biblatex\blx-dm.def
File: blx-dm.def 2025/07/10 v3.21 biblatex datamodel (PK/MW)
)
Package biblatex Info: Trying to load biblatex style data model...
Package biblatex Info: ... file 'abnt.dbx' not found.
Package biblatex Info: Trying to load biblatex custom data model...
Package biblatex Info: ... file 'biblatex-dm.cfg' not found.
\c@afterword=\count419
\c@savedafterword=\count420
\c@annotator=\count421
\c@savedannotator=\count422
\c@author=\count423
\c@savedauthor=\count424
\c@bookauthor=\count425
\c@savedbookauthor=\count426
\c@commentator=\count427
\c@savedcommentator=\count428
\c@editor=\count429
\c@savededitor=\count430
\c@editora=\count431
\c@savededitora=\count432
\c@editorb=\count433
\c@savededitorb=\count434
\c@editorc=\count435
\c@savededitorc=\count436
\c@foreword=\count437
\c@savedforeword=\count438
\c@holder=\count439
\c@savedholder=\count440
\c@introduction=\count441
\c@savedintroduction=\count442
\c@namea=\count443
\c@savednamea=\count444
\c@nameb=\count445
\c@savednameb=\count446
\c@namec=\count447
\c@savednamec=\count448
\c@translator=\count449
\c@savedtranslator=\count450
\c@shortauthor=\count451
\c@savedshortauthor=\count452
\c@shorteditor=\count453
\c@savedshorteditor=\count454
\c@labelname=\count455
\c@savedlabelname=\count456
\c@institution=\count457
\c@savedinstitution=\count458
\c@lista=\count459
\c@savedlista=\count460
\c@listb=\count461
\c@savedlistb=\count462
\c@listc=\count463
\c@savedlistc=\count464
\c@listd=\count465
\c@savedlistd=\count466
\c@liste=\count467
\c@savedliste=\count468
\c@listf=\count469
\c@savedlistf=\count470
\c@location=\count471
\c@savedlocation=\count472
\c@organization=\count473
\c@savedorganization=\count474
\c@origlocation=\count475
\c@savedoriglocation=\count476
\c@origpublisher=\count477
\c@savedorigpublisher=\count478
\c@publisher=\count479
\c@savedpublisher=\count480
\c@language=\count481
\c@savedlanguage=\count482
\c@origlanguage=\count483
\c@savedoriglanguage=\count484
\c@pageref=\count485
\c@savedpageref=\count486
\shorthandwidth=\skip68
\shortjournalwidth=\skip69
\shortserieswidth=\skip70
\shorttitlewidth=\skip71
\shortauthorwidth=\skip72
\shorteditorwidth=\skip73
\locallabelnumberwidth=\skip74
\locallabelalphawidth=\skip75
\localshorthandwidth=\skip76
\localshortjournalwidth=\skip77
\localshortserieswidth=\skip78
\localshorttitlewidth=\skip79
\localshortauthorwidth=\skip80
\localshorteditorwidth=\skip81
Package biblatex Info: Trying to load compatibility code...
Package biblatex Info: ... file 'blx-compat.def' found.

(C:\miktex-portable\texmfs\install\tex/latex/biblatex\blx-compat.def
File: blx-compat.def 2025/07/10 v3.21 biblatex compatibility (PK/MW)
)
Package biblatex Info: Trying to load generic definitions...
Package biblatex Info: ... file 'biblatex.def' found.

(C:\miktex-portable\texmfs\install\tex/latex/biblatex\biblatex.def
File: biblatex.def 2025/07/10 v3.21 biblatex compatibility (PK/MW)
\c@textcitecount=\count487
\c@textcitetotal=\count488
\c@textcitemaxnames=\count489
\c@biburlbigbreakpenalty=\count490
\c@biburlbreakpenalty=\count491
\c@biburlnumpenalty=\count492
\c@biburlucpenalty=\count493
\c@biburllcpenalty=\count494
\biburlbigskip=\muskip19
\biburlnumskip=\muskip20
\biburlucskip=\muskip21
\biburllcskip=\muskip22
\c@smartand=\count495
)
Package biblatex Info: Trying to load bibliography style 'abnt'...
Package biblatex Info: ... file 'abnt.bbx' found.

(C:\miktex-portable\texmfs\install\tex/latex/biblatex-abnt/bbx\abnt.bbx
File: abnt.bbx 2018-11-17 v3.4 ABNT BibLaTeX citation style

(C:\miktex-portable\texmfs\install\tex/latex/l3packages/xparse\xparse.sty
(C:\miktex-portable\texmfs\install\tex/latex/l3kernel\expl3.sty
Package: expl3 2025-10-09 L3 programming layer (loader) 

(C:\miktex-portable\texmfs\install\tex/latex/l3backend\l3backend-pdftex.def
File: l3backend-pdftex.def 2025-10-09 L3 backend support: PDF output (pdfTeX)
\l__color_backend_stack_int=\count496
))
Package: xparse 2025-10-09 L3 Experimental document command parser
)
(C:\miktex-portable\texmfs\install\tex/latex/xpatch\xpatch.sty
Package: xpatch 2020/03/25 v0.3a Extending etoolbox patching commands
)
Package biblatex Info: Trying to load bibliography style 'standard'...
Package biblatex Info: ... file 'standard.bbx' found.

(C:\miktex-portable\texmfs\install\tex/latex/biblatex/bbx\standard.bbx
File: standard.bbx 2025/07/10 v3.21 biblatex bibliography style (PK/MW)
\c@bbx:relatedcount=\count497
\c@bbx:relatedtotal=\count498
))
Package biblatex Info: Trying to load citation style 'abnt'...
Package biblatex Info: ... file 'abnt.cbx' found.

(C:\miktex-portable\texmfs\install\tex/latex/biblatex-abnt/cbx\abnt.cbx
File: abnt.cbx 2018-11-17 v3.4 ABNT BibLaTeX citation style
Package biblatex Info: Trying to load citation style 'authoryear-comp'...
Package biblatex Info: ... file 'authoryear-comp.cbx' found.

(C:\miktex-portable\texmfs\install\tex/latex/biblatex/cbx\authoryear-comp.cbx
File: authoryear-comp.cbx 2025/07/10 v3.21 biblatex citation style (PK/MW)
Package biblatex Info: Redefining '\cite'.
Package biblatex Info: Redefining '\parencite'.
Package biblatex Info: Redefining '\footcite'.
Package biblatex Info: Redefining '\footcitetext'.
Package biblatex Info: Redefining '\smartcite'.
Package biblatex Info: Redefining '\textcite'.
Package biblatex Info: Redefining '\textcites'.
Package biblatex Info: Redefining '\cites'.
Package biblatex Info: Redefining '\parencites'.
Package biblatex Info: Redefining '\footcites'.
Package biblatex Info: Redefining '\footcitetexts'.
Package biblatex Info: Redefining '\smartcites'.
)
Package biblatex Info: Redefining '\cite'.
Package biblatex Info: Redefining '\cites'.
Package biblatex Info: Redefining '\footcite'.
Package biblatex Info: Redefining '\footcites'.
Package biblatex Info: Redefining '\citetitle'.
Package biblatex Info: Redefining '\smartcite'.
Package biblatex Info: Redefining '\citeauthor'.
Package biblatex Info: Redefining '\citeyear'.
)
Package biblatex Info: Trying to load configuration file...
Package biblatex Info: ... file 'biblatex.cfg' found.
(C:\miktex-portable\texmfs\install\tex/latex/biblatex\biblatex.cfg
File: biblatex.cfg 
)
Package biblatex Info: Input encoding 'utf8' detected.
Package biblatex Info: Document encoding is UTF8 ....
Package biblatex Info: ... and expl3
(biblatex)             2025-10-09 L3 programming layer (loader) 
(biblatex)             is new enough (at least 2020/04/06),
(biblatex)             setting 'casechanger=expl3'.

(C:\miktex-portable\texmfs\install\tex/latex/biblatex\blx-case-expl3.sty
Package: blx-case-expl3 2025/07/10 v3.21 expl3 case changing code for biblatex
))
(C:\miktex-portable\texmfs\install\tex/latex/microtype\microtype.sty
Package: microtype 2025/07/09 v3.2b Micro-typographical refinements (RS)
\MT@toks=\toks48
\MT@tempbox=\box67
\MT@count=\count499
LaTeX Info: Redefining \noprotrusionifhmode on input line 1087.
LaTeX Info: Redefining \leftprotrusion on input line 1088.
\MT@prot@toks=\toks49
LaTeX Info: Redefining \rightprotrusion on input line 1107.
LaTeX Info: Redefining \textls on input line 1449.
\MT@outer@kern=\dimen325
LaTeX Info: Redefining \microtypecontext on input line 2053.
LaTeX Info: Redefining \textmicrotypecontext on input line 2070.
\MT@listname@count=\count500

(C:\miktex-portable\texmfs\install\tex/latex/microtype\microtype-pdftex.def
File: microtype-pdftex.def 2025/07/09 v3.2b Definitions specific to pdftex (RS)

LaTeX Info: Redefining \lsstyle on input line 944.
LaTeX Info: Redefining \lslig on input line 944.
\MT@outer@space=\skip82
)
Package microtype Info: Loading configuration file microtype.cfg.

(C:\miktex-portable\texmfs\install\tex/latex/microtype\microtype.cfg
File: microtype.cfg 2025/07/09 v3.2b microtype main configuration file (RS)
)
LaTeX Info: Redefining \microtypesetup on input line 3065.
)
(C:\miktex-portable\texmfs\install\tex/latex/contour\contour.sty
Package: contour 2004/11/18 v2.14 Print contoured text (HH, MH)
\con@length=\skip83

Loading configuration file `contour.cfg'.
(C:\miktex-portable\texmfs\install\tex/latex/contour\contour.cfg
File: contour.cfg 2004/11/18 v2.14 Print contoured text (HH, MH)
)
contour: Using driver file `pdftex.cnt'.
(C:\miktex-portable\texmfs\install\tex/latex/contour\pdftex.cnt
File: pdftex.cnt 2004/11/18 v2.14 Print contoured text (HH, MH)
))
(C:\miktex-portable\texmfs\install\tex/generic/soul\soul.sty
Package: soul 2023-06-14 v3.1 Permit use of UTF-8 characters in soul (HO)

(C:\miktex-portable\texmfs\install\tex/generic/soul\soul-ori.sty
Package: soul-ori 2023-06-14 v3.1 letterspacing/underlining (mf)
\SOUL@word=\toks50
\SOUL@lasttoken=\toks51
\SOUL@syllable=\toks52
\SOUL@cmds=\toks53
\SOUL@buffer=\toks54
\SOUL@token=\toks55
\SOUL@syllgoal=\dimen326
\SOUL@syllwidth=\dimen327
\SOUL@charkern=\dimen328
\SOUL@hyphkern=\dimen329
\SOUL@dimen=\dimen330
\SOUL@dimeni=\dimen331
\SOUL@minus=\count501
\SOUL@comma=\count502
\SOUL@apo=\count503
\SOUL@grave=\count504
\SOUL@spaceskip=\skip84
\SOUL@ttwidth=\dimen332
\SOUL@uldp=\dimen333
\SOUL@ulht=\dimen334
)
(C:\miktex-portable\texmfs\install\tex/generic/etexcmds\etexcmds.sty
Package: etexcmds 2019/12/15 v1.7 Avoid name clashes with e-TeX commands (HO)
))
\c@ttlp@side=\count505
\ttlp@side=\count506
\l__ufrgscca_label_width_dim=\skip85
)
(C:\miktex-portable\texmfs\install\tex/latex/ufrgscca\ufrgscca-lists.sty
Package: ufrgscca-lists 2025/09/18 v2.12 UFRGS/CCA auxiliary lists commands

(C:\miktex-portable\texmfs\install\tex/latex/newfloat\newfloat.sty
Package: newfloat 2023/10/01 v1.2 Defining new floating environments (AR)
Package newfloat Info: Unsupported document class, or \@chapter 
(newfloat)             was already redefined by another package.
Package newfloat Info: \@chapter = macro:[#1]#2->\ifnum \c@secnumdepth >\m@ne \
refstepcounter {chapter}\typeout {\@chapapp \space \thechapter .}\addcontentsli
ne {toc}{chapter}{\protect \numberline {\thechapter }#1}\else \addcontentsline 
{toc}{chapter}{#1}\fi \chaptermark {#1}\if@twocolumn \@topnewpage [\@makechapte
rhead {#2}]\else \@makechapterhead {#2}\@afterheading \fi .
Package newfloat Info: \Hy@org@chapter = undefined.
Package newfloat Info: \algocf@original@chapter = undefined.
)
(C:\miktex-portable\texmfs\install\tex/latex/listings\listings.sty
\lst@mode=\count507
\lst@gtempboxa=\box68
\lst@token=\toks56
\lst@length=\count508
\lst@currlwidth=\dimen335
\lst@column=\count509
\lst@pos=\count510
\lst@lostspace=\dimen336
\lst@width=\dimen337
\lst@newlines=\count511
\lst@lineno=\count512
\lst@maxwidth=\dimen338

(C:\miktex-portable\texmfs\install\tex/latex/listings\lstpatch.sty
File: lstpatch.sty 2024/09/23 1.10c (Carsten Heinz)
)
(C:\miktex-portable\texmfs\install\tex/latex/listings\lstmisc.sty
File: lstmisc.sty 2024/09/23 1.10c (Carsten Heinz)
\c@lstnumber=\count513
\lst@skipnumbers=\count514
\lst@framebox=\box69
)
(C:\miktex-portable\texmfs\install\tex/latex/listings\listings.cfg
File: listings.cfg 2024/09/23 1.10c listings configuration
))
Package: listings 2024/09/23 1.10c (Carsten Heinz)
Package newfloat Info: New float `codelist' with options `fileext={lox},listnam
e={List of Listings},name={Listing},placement=htb,chapterlistsgaps=off' on inpu
t line 116.
\c@codelist=\count515
\newfloat@ftype=\count516
Package newfloat Info: float type `codelist'=8 on input line 116.
)
(C:\miktex-portable\texmfs\install\tex/latex/ufrgscca\ufrgscca-cover.sty
Package: ufrgscca-cover 2025/09/18 v2.12 UFRGS/CCA cover commands
\l__ufrgscca_top_coffin=\box70
\l__ufrgscca_student_coffin=\box71
\l__ufrgscca_title_coffin=\box72
\l__ufrgscca_desc_coffin=\box73
\l__ufrgscca_adv_coffin=\box74
\l__ufrgscca_board_coffin=\box75
\l__ufrgscca_coord_coffin=\box76
\l__ufrgscca_top_ht_dim=\dimen339
\l__ufrgscca_student_voffset_dim=\dimen340
\l__ufrgscca_student_ht_dim=\dimen341
\l__ufrgscca_title_voffset_dim=\dimen342
\l__ufrgscca_title_wd_dim=\dimen343
\l__ufrgscca_title_ht_dim=\dimen344
\l__ufrgscca_desc_wd_dim=\dimen345
\l__ufrgscca_desc_ht_dim=\dimen346
\l__ufrgscca_desc_voffset_dim=\dimen347
\l__ufrgscca_adv_wd_dim=\dimen348
\l__ufrgscca_adv_ht_dim=\dimen349
\l__ufrgscca_adv_voffset_dim=\dimen350
)
(C:\miktex-portable\texmfs\install\tex/latex/ufrgscca\ufrgscca-core.sty
Package: ufrgscca-core 2025/09/18 v2.12 UFRGS/CCA core commands
\l__ufrgscca_ID_rule_dim=\dimen351
\l__ufrgscca_email_rule_dim=\dimen352
\l__ufrgscca_name_rule_dim=\dimen353
\l__ufrgscca_title_rule_dim=\dimen354
\l__ufrgscca_worktitle_rule_dim=\dimen355
\l__ufrgscca_phone_rule_dim=\dimen356
\l__ufrgscca_agree_rule_dim=\dimen357
\l__ufrgscca_date_rule_dim=\dimen358
\l__ufrgscca_register_rule_dim=\dimen359
\l__ufrgscca_office_rule_dim=\dimen360
\l__ufrgscca_field_rule_dim=\dimen361
\l__starray_student_base_cnt_int=\count517
\l__starray_student_base_iter_int=\count518
\l__starray_activity_base_cnt_int=\count519
\l__starray_activity_base_iter_int=\count520
)
(C:\miktex-portable\texmfs\install\tex/latex/relsize\relsize.sty
Package: relsize 2013/03/29 ver 4.1
)
(C:\miktex-portable\texmfs\install\tex/latex/mathtools\mathtools.sty
Package: mathtools 2024/10/04 v1.31 mathematical typesetting tools

(C:\miktex-portable\texmfs\install\tex/latex/tools\calc.sty
Package: calc 2025/03/01 v4.3b Infix arithmetic (KKT,FJ)
\calc@Acount=\count521
\calc@Bcount=\count522
\calc@Adimen=\dimen362
\calc@Bdimen=\dimen363
\calc@Askip=\skip86
\calc@Bskip=\skip87
LaTeX Info: Redefining \setlength on input line 86.
LaTeX Info: Redefining \addtolength on input line 87.
\calc@Ccount=\count523
\calc@Cskip=\skip88
)
(C:\miktex-portable\texmfs\install\tex/latex/mathtools\mhsetup.sty
Package: mhsetup 2021/03/18 v1.4 programming setup (MH)
)
\g_MT_multlinerow_int=\count524
\l_MT_multwidth_dim=\dimen364
\origjot=\skip89
\l_MT_shortvdotswithinadjustabove_dim=\dimen365
\l_MT_shortvdotswithinadjustbelow_dim=\dimen366
\l_MT_above_intertext_sep=\dimen367
\l_MT_below_intertext_sep=\dimen368
\l_MT_above_shortintertext_sep=\dimen369
\l_MT_below_shortintertext_sep=\dimen370
\xmathstrut@box=\box77
\xmathstrut@dim=\dimen371
)
(C:\miktex-portable\texmfs\install\tex/latex/mathtools\empheq.sty
Package: empheq 2024/08/09 v2.17 Emphasizing equations
\l_EQ_equationtype_int=\count525
\l_EQ_alignmentmode_int=\count526
\l_EQ_totalwidth_dim=\dimen372
\l_EQ_displaywidth_dim=\dimen373
\l_EQ_temp_linewidth_dim=\dimen374
\l_EQ_linewidth_dim=\dimen375
\EmphEqdelimitershortfall=\dimen376
\EmphEqdelimiterfactor=\count527
\g_EQ_toptag_height_dim=\dimen377
\g_EQ_bottomtag_depth_dim=\dimen378
\g_EQ_toprow_height_dim=\dimen379
\g_EQ_bottomrow_depth_dim=\dimen380
\g_EQ_widesttag_dim=\dimen381
\EQ_mathdisplay_box=\box78
\EQ_tag_box=\box79
\g_EQ_temprow_int=\count528
)
(C:\miktex-portable\texmfs\install\tex/latex/jknappen\mathrsfs.sty
Package: mathrsfs 1996/01/01 Math RSFS package v1.0 (jk)
\symrsfs=\mathgroup4
)
(C:\miktex-portable\texmfs\install\tex/latex/amsfonts\amsfonts.sty
Package: amsfonts 2013/01/14 v3.01 Basic AMSFonts support
\symAMSa=\mathgroup5
\symAMSb=\mathgroup6
LaTeX Font Info:    Redeclaring math symbol \hbar on input line 98.
LaTeX Font Info:    Overwriting math alphabet `\mathfrak' in version `bold'
(Font)                  U/euf/m/n --> U/euf/b/n on input line 106.
)
(C:\miktex-portable\texmfs\install\tex/latex/amsfonts\amssymb.sty
Package: amssymb 2013/01/14 v3.01 AMS font symbols
)
(C:\miktex-portable\texmfs\install\tex/latex/amscls\amsthm.sty
Package: amsthm 2020/05/29 v2.20.6
\thm@style=\toks57
\thm@bodyfont=\toks58
\thm@headfont=\toks59
\thm@notefont=\toks60
\thm@headpunct=\toks61
\thm@preskip=\skip90
\thm@postskip=\skip91
\thm@headsep=\skip92
\dth@everypar=\toks62
)
(C:\miktex-portable\texmfs\install\tex/latex/extarrows\extarrows.sty
Package: extarrows 2020/03/12 v1.2.0 Some extensible arrows
)
(C:\miktex-portable\texmfs\install\tex/latex/mathfixs\mathfixs.sty
Package: mathfixs 2025/03/25 v1.1.3 various fixes for math mode
)
(C:\miktex-portable\texmfs\install\tex/latex/multirow\bigdelim.sty
Package: bigdelim 2024/11/12 v2.9 Create big delimiters in tabular or array

(C:\miktex-portable\texmfs\install\tex/latex/multirow\multirow.sty
Package: multirow 2024/11/12 v2.9 Span multiple rows of a table
\multirow@colwidth=\skip93
\multirow@cntb=\count529
\multirow@dima=\skip94
\bigstrutjot=\dimen382
))
(C:\miktex-portable\texmfs\install\tex/latex/circuitikz\circuitikz.sty
Package: circuitikz 2025/07/08{} The CircuiTikz circuit drawing package version
 1.8.2

(C:\miktex-portable\texmfs\install\tex/latex/pgf/frontendlayer\tikz.sty
(C:\miktex-portable\texmfs\install\tex/latex/pgf/basiclayer\pgf.sty
Package: pgf 2025-08-29 v3.1.11a (3.1.11a)

(C:\miktex-portable\texmfs\install\tex/generic/pgf/modules\pgfmoduleplot.code.t
ex
File: pgfmoduleplot.code.tex 2025-08-29 v3.1.11a (3.1.11a)
)
(C:\miktex-portable\texmfs\install\tex/latex/pgf/compatibility\pgfcomp-version-
0-65.sty
Package: pgfcomp-version-0-65 2025-08-29 v3.1.11a (3.1.11a)
\pgf@nodesepstart=\dimen383
\pgf@nodesepend=\dimen384
)
(C:\miktex-portable\texmfs\install\tex/latex/pgf/compatibility\pgfcomp-version-
1-18.sty
Package: pgfcomp-version-1-18 2025-08-29 v3.1.11a (3.1.11a)
))
(C:\miktex-portable\texmfs\install\tex/latex/pgf/utilities\pgffor.sty
(C:\miktex-portable\texmfs\install\tex/latex/pgf/utilities\pgfkeys.sty
(C:\miktex-portable\texmfs\install\tex/generic/pgf/utilities\pgfkeys.code.tex))
(C:\miktex-portable\texmfs\install\tex/latex/pgf/math\pgfmath.sty
(C:\miktex-portable\texmfs\install\tex/generic/pgf/math\pgfmath.code.tex))
(C:\miktex-portable\texmfs\install\tex/generic/pgf/utilities\pgffor.code.tex
Package: pgffor 2025-08-29 v3.1.11a (3.1.11a)
\pgffor@iter=\dimen385
\pgffor@skip=\dimen386
\pgffor@stack=\toks63
\pgffor@toks=\toks64
))
(C:\miktex-portable\texmfs\install\tex/generic/pgf/frontendlayer/tikz\tikz.code
.tex
Package: tikz 2025-08-29 v3.1.11a (3.1.11a)

(C:\miktex-portable\texmfs\install\tex/generic/pgf/libraries\pgflibraryplothand
lers.code.tex
File: pgflibraryplothandlers.code.tex 2025-08-29 v3.1.11a (3.1.11a)
\pgf@plot@mark@count=\count530
\pgfplotmarksize=\dimen387
)
\tikz@lastx=\dimen388
\tikz@lasty=\dimen389
\tikz@lastxsaved=\dimen390
\tikz@lastysaved=\dimen391
\tikz@lastmovetox=\dimen392
\tikz@lastmovetoy=\dimen393
\tikzleveldistance=\dimen394
\tikzsiblingdistance=\dimen395
\tikz@figbox=\box80
\tikz@figbox@bg=\box81
\tikz@tempbox=\box82
\tikz@tempbox@bg=\box83
\tikztreelevel=\count531
\tikznumberofchildren=\count532
\tikznumberofcurrentchild=\count533
\tikz@fig@count=\count534

(C:\miktex-portable\texmfs\install\tex/generic/pgf/modules\pgfmodulematrix.code
.tex
File: pgfmodulematrix.code.tex 2025-08-29 v3.1.11a (3.1.11a)
\pgfmatrixcurrentrow=\count535
\pgfmatrixcurrentcolumn=\count536
\pgf@matrix@numberofcolumns=\count537
)
\tikz@expandcount=\count538

(C:\miktex-portable\texmfs\install\tex/generic/pgf/frontendlayer/tikz/libraries
\tikzlibrarytopaths.code.tex
File: tikzlibrarytopaths.code.tex 2025-08-29 v3.1.11a (3.1.11a)
)))
(C:\miktex-portable\texmfs\install\tex/generic/pgf/frontendlayer/tikz/libraries
\tikzlibrarycalc.code.tex
File: tikzlibrarycalc.code.tex 2025-08-29 v3.1.11a (3.1.11a)
)
(C:\miktex-portable\texmfs\install\tex/generic/pgf/libraries\pgflibraryarrows.m
eta.code.tex
File: pgflibraryarrows.meta.code.tex 2025-08-29 v3.1.11a (3.1.11a)
\pgfarrowinset=\dimen396
\pgfarrowlength=\dimen397
\pgfarrowwidth=\dimen398
\pgfarrowlinewidth=\dimen399
)
(C:\miktex-portable\texmfs\install\tex/generic/pgf/frontendlayer/tikz/libraries
\tikzlibrarybending.code.tex
File: tikzlibrarybending.code.tex 2025-08-29 v3.1.11a (3.1.11a)

(C:\miktex-portable\texmfs\install\tex/generic/pgf/modules\pgfmodulebending.cod
e.tex
File: pgfmodulebending.code.tex 2025-08-29 v3.1.11a (3.1.11a)

(C:\miktex-portable\texmfs\install\tex/generic/pgf/modules\pgfmodulenonlineartr
ansformations.code.tex
File: pgfmodulenonlineartransformations.code.tex 2025-08-29 v3.1.11a (3.1.11a)
\pgftransformnonlinearflatness=\dimen400
)
(C:\miktex-portable\texmfs\install\tex/generic/pgf/libraries\pgflibrarycurvilin
ear.code.tex
File: pgflibrarycurvilinear.code.tex 2025-08-29 v3.1.11a (3.1.11a)
\pgf@curvilinear@time@a=\dimen401
\pgf@curvilinear@length@a=\dimen402
\pgf@curvilinear@length@b=\dimen403
\pgf@curvilinear@length@c=\dimen404
\pgf@curvilinear@length@d=\dimen405
)
\pgf@arrows@the@rigidity=\dimen406
))
(C:\miktex-portable\texmfs\install\tex/generic/pgf/frontendlayer/tikz/libraries
\tikzlibraryfpu.code.tex
(C:\miktex-portable\texmfs\install\tex/generic/pgf/libraries\pgflibraryfpu.code
.tex))
(C:\miktex-portable\texmfs\install\tex/generic/circuitikz\pgfcirc.defines.tex
\pgf@circ@count@a=\count539
\pgf@circ@count@b=\count540
\pgf@circ@count@c=\count541
\pgf@circ@res@up=\dimen407
\pgf@circ@res@down=\dimen408
\pgf@circ@res@zero=\dimen409
\pgf@circ@res@left=\dimen410
\pgf@circ@res@right=\dimen411
\pgf@circ@res@other=\dimen412
\pgf@circ@res@step=\dimen413
\pgf@circ@res@temp=\dimen414
\pgf@circ@Rlen=\dimen415
\pgf@circ@scaled@Rlen=\dimen416
\pgfstartlinewidth=\dimen417
)
(C:\miktex-portable\texmfs\install\tex/generic/circuitikz\pgfcircutils.tex
\ctikz@scratchbox=\box84
)
(C:\miktex-portable\texmfs\install\tex/generic/circuitikz\pgfcircpath.tex)
(C:\miktex-portable\texmfs\install\tex/generic/circuitikz\pgfcircshapes.tex)
(C:\miktex-portable\texmfs\install\tex/generic/circuitikz\pgfcircmonopoles.tex)
(C:\miktex-portable\texmfs\install\tex/generic/circuitikz\pgfcircbipoles.tex)
(C:\miktex-portable\texmfs\install\tex/generic/circuitikz\pgfcirctripoles.tex
\pgf@circ@res@count=\count542
)
(C:\miktex-portable\texmfs\install\tex/generic/circuitikz\pgfcircquadpoles.tex)

(C:\miktex-portable\texmfs\install\tex/generic/circuitikz\pgfcircmultipoles.tex
) (C:\miktex-portable\texmfs\install\tex/generic/circuitikz\pgfcirclabel.tex)
(C:\miktex-portable\texmfs\install\tex/generic/circuitikz\pgfcircvoltage.tex
\pgfcirc@labelshift=\dimen418
)
(C:\miktex-portable\texmfs\install\tex/generic/circuitikz\pgfcirccurrent.tex)
(C:\miktex-portable\texmfs\install\tex/generic/circuitikz\pgfcircflow.tex)
(C:\miktex-portable\texmfs\install\tex/latex/xstring\xstring.sty
(C:\miktex-portable\texmfs\install\tex/generic/xstring\xstring.tex
\xs_counta=\count543
\xs_countb=\count544
)
Package: xstring 2023/08/22 v1.86 String manipulations (CT)
)
(C:\miktex-portable\texmfs\install\tex/latex/siunitx\siunitx.sty
Package: siunitx 2025-07-09 v3.4.14 A comprehensive (SI) units package
\l__siunitx_number_uncert_offset_int=\count545
\l__siunitx_number_exponent_fixed_int=\count546
\l__siunitx_number_min_decimal_int=\count547
\l__siunitx_number_min_integer_int=\count548
\l__siunitx_number_round_precision_int=\count549
\l__siunitx_number_lower_threshold_int=\count550
\l__siunitx_number_upper_threshold_int=\count551
\l__siunitx_number_group_first_int=\count552
\l__siunitx_number_group_size_int=\count553
\l__siunitx_number_group_minimum_int=\count554
\l__siunitx_angle_tmp_dim=\dimen419
\l__siunitx_angle_marker_box=\box85
\l__siunitx_angle_unit_box=\box86
\l__siunitx_compound_count_int=\count555

(C:\miktex-portable\texmfs\install\tex/latex/translations\translations.sty
Package: translations 2022/02/05 v1.12 internationalization of LaTeX2e packages
 (CN)
)
\l__siunitx_table_tmp_box=\box87
\l__siunitx_table_tmp_dim=\dimen420
\l__siunitx_table_column_width_dim=\dimen421
\l__siunitx_table_integer_box=\box88
\l__siunitx_table_decimal_box=\box89
\l__siunitx_table_uncert_box=\box90
\l__siunitx_table_before_box=\box91
\l__siunitx_table_after_box=\box92
\l__siunitx_table_before_dim=\dimen422
\l__siunitx_table_carry_dim=\dimen423
\l__siunitx_unit_tmp_int=\count556
\l__siunitx_unit_position_int=\count557
\l__siunitx_unit_total_int=\count558
))
(C:\miktex-portable\texmfs\install\tex/generic/pgf/frontendlayer/tikz/libraries
\tikzlibraryfit.code.tex
File: tikzlibraryfit.code.tex 2025-08-29 v3.1.11a (3.1.11a)
)
(C:\miktex-portable\texmfs\install\tex/generic/pgf/frontendlayer/tikz/libraries
\tikzlibrarymath.code.tex
\tikz@math@for@depth=\count559
\tikz@math@dimen=\dimen424
\tikz@math@toks=\toks65
)
(C:\miktex-portable\texmfs\install\tex/generic/pgf/frontendlayer/tikz/libraries
\tikzlibraryshapes.geometric.code.tex
File: tikzlibraryshapes.geometric.code.tex 2025-08-29 v3.1.11a (3.1.11a)

(C:\miktex-portable\texmfs\install\tex/generic/pgf/libraries/shapes\pgflibrarys
hapes.geometric.code.tex
File: pgflibraryshapes.geometric.code.tex 2025-08-29 v3.1.11a (3.1.11a)
))
(C:\miktex-portable\texmfs\install\tex/generic/pgf/frontendlayer/tikz/libraries
\tikzlibraryshapes.misc.code.tex
File: tikzlibraryshapes.misc.code.tex 2025-08-29 v3.1.11a (3.1.11a)

(C:\miktex-portable\texmfs\install\tex/generic/pgf/libraries/shapes\pgflibrarys
hapes.misc.code.tex
File: pgflibraryshapes.misc.code.tex 2025-08-29 v3.1.11a (3.1.11a)
))
(C:\miktex-portable\texmfs\install\tex/generic/pgf/frontendlayer/tikz/libraries
\tikzlibraryshapes.multipart.code.tex
File: tikzlibraryshapes.multipart.code.tex 2025-08-29 v3.1.11a (3.1.11a)

(C:\miktex-portable\texmfs\install\tex/generic/pgf/libraries/shapes\pgflibrarys
hapes.multipart.code.tex
File: pgflibraryshapes.multipart.code.tex 2025-08-29 v3.1.11a (3.1.11a)
\pgfnodepartlowerbox=\box93
\pgfnodeparttwobox=\box94
\pgfnodepartthreebox=\box95
\pgfnodepartfourbox=\box96
\pgfnodeparttwentybox=\box97
\pgfnodepartnineteenbox=\box98
\pgfnodeparteighteenbox=\box99
\pgfnodepartseventeenbox=\box100
\pgfnodepartsixteenbox=\box101
\pgfnodepartfifteenbox=\box102
\pgfnodepartfourteenbox=\box103
\pgfnodepartthirteenbox=\box104
\pgfnodeparttwelvebox=\box105
\pgfnodepartelevenbox=\box106
\pgfnodeparttenbox=\box107
\pgfnodepartninebox=\box108
\pgfnodeparteightbox=\box109
\pgfnodepartsevenbox=\box110
\pgfnodepartsixbox=\box111
\pgfnodepartfivebox=\box112
))
(C:\miktex-portable\texmfs\install\tex/generic/pgf/frontendlayer/tikz/libraries
/graphs\tikzlibrarygraphs.code.tex
File: tikzlibrarygraphs.code.tex 2025-08-29 v3.1.11a (3.1.11a)
\tikz@lib@auto@number=\count560
\tikz@qnode@count=\count561
)
(C:\miktex-portable\texmfs\install\tex/generic/pgf/frontendlayer/tikz/libraries
\tikzlibrary3d.code.tex
File: tikzlibrary3d.code.tex 2025-08-29 v3.1.11a (3.1.11a)
)
(C:\miktex-portable\texmfs\install\tex/generic/pgf/frontendlayer/tikz/libraries
\tikzlibrarypositioning.code.tex
File: tikzlibrarypositioning.code.tex 2025-08-29 v3.1.11a (3.1.11a)
)
(C:\miktex-portable\texmfs\install\tex/generic/pgf/frontendlayer/tikz/libraries
\tikzlibraryshadows.code.tex
File: tikzlibraryshadows.code.tex 2025-08-29 v3.1.11a (3.1.11a)

(C:\miktex-portable\texmfs\install\tex/generic/pgf/frontendlayer/tikz/libraries
\tikzlibraryfadings.code.tex
File: tikzlibraryfadings.code.tex 2025-08-29 v3.1.11a (3.1.11a)

(C:\miktex-portable\texmfs\install\tex/generic/pgf/libraries\pgflibraryfadings.
code.tex
File: pgflibraryfadings.code.tex 2025-08-29 v3.1.11a (3.1.11a)
)))
(C:\miktex-portable\texmfs\install\tex/generic/pgf/frontendlayer/tikz/libraries
\tikzlibrarybabel.code.tex
File: tikzlibrarybabel.code.tex 2025-08-29 v3.1.11a (3.1.11a)
)
(C:\miktex-portable\texmfs\install\tex/latex/steinmetz\steinmetz.sty
Package: steinmetz 2009/06/14 v1.0 Steinmetz symbol for electrotechnics

(C:\miktex-portable\texmfs\install\tex/latex/pict2e\pict2e.sty
Package: pict2e 2020/09/30 v0.4b Improved picture commands (HjG,RN,JT)

(C:\miktex-portable\texmfs\install\tex/latex/pict2e\pict2e.cfg
File: pict2e.cfg 2016/02/05 v0.1u pict2e configuration for teTeX/TeXLive
)
Package pict2e Info: Driver file: pdftex.def on input line 112.
Package pict2e Info: Driver file for pict2e: p2e-pdftex.def on input line 114.

(C:\miktex-portable\texmfs\install\tex/latex/pict2e\p2e-pdftex.def
File: p2e-pdftex.def 2016/02/05 v0.1u Driver-dependant file (RN,HjG,JT)
)
\pIIe@GRAPH=\toks66
\@arclen=\dimen425
\@arcrad=\dimen426
\pIIe@tempdima=\dimen427
\pIIe@tempdimb=\dimen428
\pIIe@tempdimc=\dimen429
\pIIe@tempdimd=\dimen430
\pIIe@tempdime=\dimen431
\pIIe@tempdimf=\dimen432
)
\stm@phasebox=\box113
\stm@phasedp=\skip95
\stm@phaseht=\skip96
\stm@phasetot=\skip97
\stm@phasewd=\skip98
)
(C:\miktex-portable\texmfs\install\tex/latex/hyperref\hyperref.sty
Package: hyperref 2025-07-12 v7.01o Hypertext links for LaTeX

(C:\miktex-portable\texmfs\install\tex/generic/kvdefinekeys\kvdefinekeys.sty
Package: kvdefinekeys 2019-12-19 v1.6 Define keys (HO)
)
(C:\miktex-portable\texmfs\install\tex/generic/pdfescape\pdfescape.sty
Package: pdfescape 2019/12/09 v1.15 Implements pdfTeX's escape features (HO)
)
(C:\miktex-portable\texmfs\install\tex/latex/hycolor\hycolor.sty
Package: hycolor 2020-01-27 v1.10 Color options for hyperref/bookmark (HO)
)
(C:\miktex-portable\texmfs\install\tex/latex/hyperref\nameref.sty
Package: nameref 2025-06-21 v2.57 Cross-referencing by name of section

(C:\miktex-portable\texmfs\install\tex/latex/refcount\refcount.sty
Package: refcount 2019/12/15 v3.6 Data extraction from label references (HO)
)
(C:\miktex-portable\texmfs\install\tex/generic/gettitlestring\gettitlestring.st
y
Package: gettitlestring 2019/12/15 v1.6 Cleanup title references (HO)
)
\c@section@level=\count562
) (C:\miktex-portable\texmfs\install\tex/generic/stringenc\stringenc.sty
Package: stringenc 2019/11/29 v1.12 Convert strings between diff. encodings (HO
)
)
\@linkdim=\dimen433
\Hy@linkcounter=\count563
\Hy@pagecounter=\count564

(C:\miktex-portable\texmfs\install\tex/latex/hyperref\pd1enc.def
File: pd1enc.def 2025-07-12 v7.01o Hyperref: PDFDocEncoding definition (HO)
Now handling font encoding PD1 ...
... no UTF-8 mapping file for font encoding PD1
)
(C:\miktex-portable\texmfs\install\tex/generic/intcalc\intcalc.sty
Package: intcalc 2019/12/15 v1.3 Expandable calculations with integers (HO)
)
\Hy@SavedSpaceFactor=\count565

(C:\miktex-portable\texmfs\install\tex/latex/hyperref\puenc.def
File: puenc.def 2025-07-12 v7.01o Hyperref: PDF Unicode definition (HO)
Now handling font encoding PU ...
... no UTF-8 mapping file for font encoding PU
)
Package hyperref Info: Option `hypertexnames' set `false' on input line 4066.
Package hyperref Info: Hyper figures OFF on input line 4195.
Package hyperref Info: Link nesting OFF on input line 4200.
Package hyperref Info: Hyper index ON on input line 4203.
Package hyperref Info: Plain pages OFF on input line 4210.
Package hyperref Info: Backreferencing OFF on input line 4215.
Package hyperref Info: Implicit mode ON; LaTeX internals redefined.
Package hyperref Info: Bookmarks ON on input line 4462.
\c@Hy@tempcnt=\count566
LaTeX Info: Redefining \url on input line 4801.
\XeTeXLinkMargin=\dimen434

(C:\miktex-portable\texmfs\install\tex/generic/bitset\bitset.sty
Package: bitset 2019/12/09 v1.3 Handle bit-vector datatype (HO)

(C:\miktex-portable\texmfs\install\tex/generic/bigintcalc\bigintcalc.sty
Package: bigintcalc 2019/12/15 v1.5 Expandable calculations on big integers (HO
)
))
\Fld@menulength=\count567
\Field@Width=\dimen435
\Fld@charsize=\dimen436
Package hyperref Info: Hyper figures OFF on input line 6078.
Package hyperref Info: Link nesting OFF on input line 6083.
Package hyperref Info: Hyper index ON on input line 6086.
Package hyperref Info: backreferencing OFF on input line 6093.
Package hyperref Info: Link coloring OFF on input line 6098.
Package hyperref Info: Link coloring with OCG OFF on input line 6103.
Package hyperref Info: PDF/A mode OFF on input line 6108.
\Hy@abspage=\count568
\c@Item=\count569
\c@Hfootnote=\count570
)
Package hyperref Info: Driver (autodetected): hpdftex.

(C:\miktex-portable\texmfs\install\tex/latex/hyperref\hpdftex.def
File: hpdftex.def 2025-07-12 v7.01o Hyperref driver for pdfTeX
\Fld@listcount=\count571
\c@bookmark@seq@number=\count572

(C:\miktex-portable\texmfs\install\tex/latex/rerunfilecheck\rerunfilecheck.sty
Package: rerunfilecheck 2025-06-21 v1.11 Rerun checks for auxiliary files (HO)

(C:\miktex-portable\texmfs\install\tex/generic/uniquecounter\uniquecounter.sty
Package: uniquecounter 2019/12/15 v1.4 Provide unlimited unique counter (HO)
)
Package uniquecounter Info: New unique counter `rerunfilecheck' on input line 2
84.
)
\Hy@SectionHShift=\skip99
)
\l__starray_activity_A.coord_base_cnt_int=\count573
\l__starray_activity_A.coord_base_iter_int=\count574
\l__starray_activity_A.calendar_base_cnt_int=\count575
\l__starray_activity_A.calendar_base_iter_int=\count576
\l__starray_activity_B.coord_base_cnt_int=\count577
\l__starray_activity_B.coord_base_iter_int=\count578
\l__starray_activity_B.calendar_base_cnt_int=\count579
\l__starray_activity_B.calendar_base_iter_int=\count580
\l__starray_activity_C.coord_base_cnt_int=\count581
\l__starray_activity_C.coord_base_iter_int=\count582
\l__starray_activity_C.calendar_base_cnt_int=\count583
\l__starray_activity_C.calendar_base_iter_int=\count584
\l__starray_activity_D.coord_base_cnt_int=\count585
\l__starray_activity_D.coord_base_iter_int=\count586
\l__starray_activity_D.calendar_base_cnt_int=\count587
\l__starray_activity_D.calendar_base_iter_int=\count588
\l__starray_activity_E.coord_base_cnt_int=\count589
\l__starray_activity_E.coord_base_iter_int=\count590
\l__starray_activity_E.calendar_base_cnt_int=\count591
\l__starray_activity_E.calendar_base_iter_int=\count592

(C:\miktex-portable\texmfs\install\tex/latex/ufrgscca\ufrgscca-terms-ptBR.tex)
(C:\miktex-portable\texmfs\install\tex/latex/ufrgscca\ufrgscca-cover-ptBR.tex))
(C:\miktex-portable\texmfs\install\tex/latex/float\float.sty
Package: float 2001/11/08 v1.3d Float enhancements (AL)
\c@float@type=\count593
\float@exts=\toks67
\float@box=\box114
\@float@everytoks=\toks68
\@floatcapt=\box115
)
(C:\miktex-portable\texmfs\install\tex/latex/base\fontenc.sty
Package: fontenc 2024/12/21 v2.1c Standard LaTeX package
LaTeX Font Info:    Trying to load font information for T1+lmr on input line 11
6.

(C:\miktex-portable\texmfs\install\tex/latex/lm\t1lmr.fd
File: t1lmr.fd 2015/05/01 v1.6.1 Font defs for Latin Modern
))
Package csquotes Info: Checking for multilingual support...
Package csquotes Info: ... found 'babel' package.
Package csquotes Info: Adjusting default style.
Package csquotes Info: Redefining alias 'default' -> 'brazilian'.


LaTeX Warning: Unused global option(s):
    [oneside].

(C:\gitclones\ai4rpi\build\tcc1_maxwell.aux
Package babel Info: 'brazilian' activates 'portuges' shorthands.
(babel)             Reported on input line 9.
)
\openout1 = `tcc1_maxwell.aux'.

LaTeX Font Info:    Checking defaults for OML/cmm/m/it on input line 24.
LaTeX Font Info:    ... okay on input line 24.
LaTeX Font Info:    Checking defaults for OMS/cmsy/m/n on input line 24.
LaTeX Font Info:    ... okay on input line 24.
LaTeX Font Info:    Checking defaults for OT1/cmr/m/n on input line 24.
LaTeX Font Info:    ... okay on input line 24.
LaTeX Font Info:    Checking defaults for T1/cmr/m/n on input line 24.
LaTeX Font Info:    ... okay on input line 24.
LaTeX Font Info:    Checking defaults for TS1/cmr/m/n on input line 24.
LaTeX Font Info:    ... okay on input line 24.
LaTeX Font Info:    Checking defaults for OMX/cmex/m/n on input line 24.
LaTeX Font Info:    ... okay on input line 24.
LaTeX Font Info:    Checking defaults for U/cmr/m/n on input line 24.
LaTeX Font Info:    ... okay on input line 24.
LaTeX Font Info:    Checking defaults for PD1/pdf/m/n on input line 24.
LaTeX Font Info:    ... okay on input line 24.
LaTeX Font Info:    Checking defaults for PU/pdf/m/n on input line 24.
LaTeX Font Info:    ... okay on input line 24.

(C:\miktex-portable\texmfs\install\tex/latex/ufrgscca\ufrgscca-base-ptBR.def)
*geometry* driver: auto-detecting
*geometry* detected driver: pdftex
*geometry* verbose mode - [ preamble ] result:
* driver: pdftex
* paper: a4paper
* layout: <same size as paper>
* layoutoffset:(h,v)=(0.0pt,0.0pt)
* modes: 
* h-part:(L,W,R)=(71.13188pt, 455.24411pt, 71.13188pt)
* v-part:(T,H,B)=(85.35826pt, 702.78308pt, 56.9055pt)
* \paperwidth=597.50787pt
* \paperheight=845.04684pt
* \textwidth=455.24411pt
* \textheight=702.78308pt
* \oddsidemargin=-1.1381pt
* \evensidemargin=-1.1381pt
* \topmargin=-23.91173pt
* \headheight=12.0pt
* \headsep=25.0pt
* \topskip=12.0pt
* \footskip=30.0pt
* \marginparwidth=95.0pt
* \marginparsep=10.0pt
* \columnsep=10.0pt
* \skip\footins=10.8pt plus 4.0pt minus 2.0pt
* \hoffset=0.0pt
* \voffset=0.0pt
* \mag=1000
* \@twocolumnfalse
* \@twosidefalse
* \@mparswitchtrue
* \@reversemarginfalse
* (1in=72.27pt=25.4mm, 1cm=28.453pt)

Package caption Info: Begin \AtBeginDocument code.
Package caption Info: float package is loaded.
Package caption Info: hyperref package is loaded.
Package caption Info: listings package is loaded.
Package caption Info: End \AtBeginDocument code.
(C:\miktex-portable\texmfs\install\tex/context/base/mkii\supp-pdf.mkii
[Loading MPS to PDF converter (version 2006.09.02).]
\scratchcounter=\count594
\scratchdimen=\dimen437
\scratchbox=\box116
\nofMPsegments=\count595
\nofMParguments=\count596
\everyMPshowfont=\toks69
\MPscratchCnt=\count597
\MPscratchDim=\dimen438
\MPnumerator=\count598
\makeMPintoPDFobject=\count599
\everyMPtoPDFconversion=\toks70
) (C:\miktex-portable\texmfs\install\tex/latex/epstopdf-pkg\epstopdf-base.sty
Package: epstopdf-base 2020-01-24 v2.11 Base part for package epstopdf

(C:\miktex-portable\texmfs\install\tex/latex/grfext\grfext.sty
Package: grfext 2019/12/03 v1.3 Manage graphics extensions (HO)
)
Package epstopdf-base Info: Redefining graphics rule for `.eps' on input line 4
85.
Package grfext Info: Graphics extension search list:
(grfext)             [.pdf,.png,.jpg,.mps,.jpeg,.jbig2,.jb2,.PDF,.PNG,.JPG,.JPE
G,.JBIG2,.JB2,.eps]
(grfext)             \AppendGraphicsExtensions on input line 504.

(C:\miktex-portable\texmfs\install\tex/latex/00miktex\epstopdf-sys.cfg
File: epstopdf-sys.cfg 2021/03/18 v2.0 Configuration of epstopdf for MiKTeX
))
\c__nicematrix_shift_Ldots_last_row_dim=\dimen439
\c__nicematrix_innersep_middle_dim=\dimen440
\c@tabularnotesi=\count600
\enitdp@tabularnotes=\count601
\c@tabularnotes*i=\count602
\enitdp@tabularnotes*=\count603
Package biblatex Info: Trying to load language 'brazilian' -> 'brazilian-abnt'.
..
Package biblatex Info: ... file 'brazilian-abnt.lbx' found.

(C:\miktex-portable\texmfs\install\tex/latex/biblatex-abnt/lbx\brazilian-abnt.l
bx
File: brazilian-abnt.lbx 2018-11-17 v3.4 ABNT BibLaTeX citation style
Package biblatex Info: Trying to load language 'brazilian'...
Package biblatex Info: ... file 'brazilian.lbx' found.
 (C:\miktex-portable\texmfs\install\tex/latex/biblatex/lbx\brazilian.lbx
File: brazilian.lbx 2025/07/10 v3.21 biblatex localization (PK/MW)
)
Package biblatex Info: Trying to load language 'brazilian'...
Package biblatex Info: ... file 'brazilian.lbx' found.

(C:\miktex-portable\texmfs\install\tex/latex/biblatex/lbx\brazilian.lbx
File: brazilian.lbx 2025/07/10 v3.21 biblatex localization (PK/MW)
)
Package biblatex Info: Trying to load language 'brazil' -> 'brazil-abnt'...
Package biblatex Info: ... file 'brazil-abnt.lbx' found.

(C:\miktex-portable\texmfs\install\tex/latex/biblatex-abnt/lbx\brazil-abnt.lbx
File: brazil-abnt.lbx 2018-11-17 v3.4 ABNT BibLaTeX citation style
Package biblatex Info: Trying to load language 'brazilian-abnt'...
Package biblatex Info: ... file 'brazilian-abnt.lbx' found.

(C:\miktex-portable\texmfs\install\tex/latex/biblatex-abnt/lbx\brazilian-abnt.l
bx
File: brazilian-abnt.lbx 2018-11-17 v3.4 ABNT BibLaTeX citation style
Package biblatex Info: Trying to load language 'brazilian'...
Package biblatex Info: ... file 'brazilian.lbx' found.
 (C:\miktex-portable\texmfs\install\tex/latex/biblatex/lbx\brazilian.lbx
File: brazilian.lbx 2025/07/10 v3.21 biblatex localization (PK/MW)
)
Package biblatex Info: Trying to load language 'brazil'...
Package biblatex Info: ... file 'brazil.lbx' found.

(C:\miktex-portable\texmfs\install\tex/latex/biblatex/lbx\brazil.lbx
File: brazil.lbx 2025/07/10 v3.21 biblatex localization (PK/MW)
Package biblatex Info: Trying to load language 'brazilian'...
Package biblatex Info: ... file 'brazilian.lbx' found.

(C:\miktex-portable\texmfs\install\tex/latex/biblatex/lbx\brazilian.lbx
File: brazilian.lbx 2025/07/10 v3.21 biblatex localization (PK/MW)
)))))
Package biblatex Info: Trying to load language 'english' -> 'english-abnt'...
Package biblatex Info: ... file 'english-abnt.lbx' found.

(C:\miktex-portable\texmfs\install\tex/latex/biblatex-abnt/lbx\english-abnt.lbx
File: english-abnt.lbx 2018-11-17 v3.4 ABNT BibLaTeX citation style
Package biblatex Info: Trying to load language 'english'...
Package biblatex Info: ... file 'english.lbx' found.
(C:\miktex-portable\texmfs\install\tex/latex/biblatex/lbx\english.lbx
File: english.lbx 2025/07/10 v3.21 biblatex localization (PK/MW)
)
Package biblatex Info: Trying to load language 'english'...
Package biblatex Info: ... file 'english.lbx' found.

(C:\miktex-portable\texmfs\install\tex/latex/biblatex/lbx\english.lbx
File: english.lbx 2025/07/10 v3.21 biblatex localization (PK/MW)
)
Package biblatex Info: Trying to load language 'english'...
Package biblatex Info: ... file 'english.lbx' found.

(C:\miktex-portable\texmfs\install\tex/latex/biblatex/lbx\english.lbx
File: english.lbx 2025/07/10 v3.21 biblatex localization (PK/MW)
))
Package biblatex Info: Input encoding 'utf8' detected.
Package biblatex Info: Automatic encoding selection.
(biblatex)             Assuming data encoding 'utf8'.
\openout4 = `tcc1_maxwell.bcf'.

Package biblatex Info: Trying to load bibliographic data...
Package biblatex Info: ... file 'tcc1_maxwell.bbl' found.

(C:\gitclones\ai4rpi\build\tcc1_maxwell.bbl)
Package biblatex Info: Reference section=0 on input line 24.
Package biblatex Info: Reference segment=0 on input line 24.
LaTeX Info: Redefining \microtypecontext on input line 24.
Package microtype Info: Applying patch `item' on input line 24.
Package microtype Info: Applying patch `toc' on input line 24.
Package microtype Info: Applying patch `eqnum' on input line 24.
Package microtype Info: Applying patch `footnote' on input line 24.
Package microtype Info: Applying patch `verbatim' on input line 24.
LaTeX Info: Redefining \microtypesetup on input line 24.
Package microtype Info: Generating PDF output.
Package microtype Info: Character protrusion enabled (level 2).
Package microtype Info: Using default protrusion set `alltext'.
Package microtype Info: Automatic font expansion enabled (level 2),
(microtype)             stretch: 20, shrink: 20, step: 1, non-selected.
Package microtype Info: Using default expansion set `alltext-nott'.
Package microtype Info: Patching command `\showhyphens'.
Package microtype Info: Tracking enabled.
Package microtype Info: Using default tracking set `smallcaps'.
Package microtype Info: Adjustment of interword spacing enabled.
Package microtype Info: Using default spacing set `alltext-nott'.
Package microtype Info: Adjustment of character kerning enabled.
Package microtype Info: Using default kerning set `alltext'.
Package microtype Info: Redefining babel's language switching commands.

(C:\miktex-portable\texmfs\install\tex/latex/microtype\mt-cmr.cfg
File: mt-cmr.cfg 2013/05/19 v2.2 microtype config. file: Computer Modern Roman 
(RS)
)
Package newfloat Info: Trying Plan B...
Package newfloat Info: `float' package detected.
\c@lstlisting=\count604

(C:\miktex-portable\texmfs\install\tex/latex/translations/dicts\translations-ba
sic-dictionary-brazil.trsl
File: translations-basic-dictionary-brazil.trsl (brazil translation file `trans
lations-basic-dictionary')
)
Package translations Info: loading dictionary `translations-basic-dictionary' f
or `brazil'. on input line 24.

(C:\miktex-portable\texmfs\install\tex/latex/translations/dicts\translations-ba
sic-dictionary-english.trsl
File: translations-basic-dictionary-english.trsl (english translation file `tra
nslations-basic-dictionary')
)
Package translations Info: loading dictionary `translations-basic-dictionary' f
or `english'. on input line 24.
Package hyperref Info: Link coloring OFF on input line 24.
 (C:\gitclones\ai4rpi\build\tcc1_maxwell.out)
(C:\gitclones\ai4rpi\build\tcc1_maxwell.out)
\@outlinefile=\write5
\openout5 = `tcc1_maxwell.out'.

 (local.tex
\l__starray_student_A.advisor_base_cnt_int=\count605
\l__starray_student_A.advisor_base_iter_int=\count606
\l__starray_student_A.coadvisor_base_cnt_int=\count607
\l__starray_student_A.coadvisor_base_iter_int=\count608
\l__starray_student_A.reviewer_base_cnt_int=\count609
\l__starray_student_A.reviewer_base_iter_int=\count610
\l__starray_student_A.altreviewer_base_cnt_int=\count611
\l__starray_student_A.altreviewer_base_iter_int=\count612
\l__starray_student_A.internship_base_cnt_int=\count613
\l__starray_student_A.internship_base_iter_int=\count614
\l__starray_student_A.tutor_base_cnt_int=\count615
\l__starray_student_A.tutor_base_iter_int=\count616
\l__starray_student_A.supervisor_base_cnt_int=\count617
\l__starray_student_A.supervisor_base_iter_int=\count618


Package starray Warning: (ID:parser:2) term reference 'student.coadvisor' --
(starray)                'invalid index '.


Package starray Warning: (ID:set:1) cannot get/set property from
(starray)                'student.coadvisor'.

)

[1

{C:/miktex-portable/texmfs/data/fonts/map/pdftex/pdftex.map}{C:/miktex-portable
/texmfs/install/fonts/enc/dvips/lm/lm-ec.enc}]

[2

]
Underfull \hbox (badness 10000) in paragraph at lines 27--27

 []


Underfull \hbox (badness 10000) in paragraph at lines 27--27

 []


Underfull \hbox (badness 10000) in paragraph at lines 27--27

 []



[3

]
LaTeX Font Info:    Trying to load font information for T1+lmss on input line 3
2.
 (C:\miktex-portable\texmfs\install\tex/latex/lm\t1lmss.fd
File: t1lmss.fd 2015/05/01 v1.6.1 Font defs for Latin Modern
)
Package microtype Info: Loading generic protrusion settings for font family
(microtype)             `lmss' (encoding: T1).
(microtype)             For optimal results, create family-specific settings.
(microtype)             See the microtype manual for details.


[4


]

[5

]

! LaTeX Error: Unicode character â‰ˆ (U+2248)
               not set up for use with LaTeX.

See the LaTeX manual or LaTeX Companion for explanation.
Type  H <return>  for immediate help.
 ...                                              
                                                  
l.64 ...junto de validaÃ§Ã£o; latÃªncia mÃ©dia â‰ˆ
                                                  200 ms por inferÃªncia; us...

You may provide a definition with
\DeclareUnicodeCharacter 


! LaTeX Error: Unicode character â‰ˆ (U+2248)
               not set up for use with LaTeX.

See the LaTeX manual or LaTeX Companion for explanation.
Type  H <return>  for immediate help.
 ...                                              
                                                  
l.64 ...ferÃªncia; uso de memÃ³ria do processo â‰ˆ
                                                  85 MB), evidenciando compr...

You may provide a definition with
\DeclareUnicodeCharacter 



[6

]

! LaTeX Error: Unicode character â‰ˆ (U+2248)
               not set up for use with LaTeX.

See the LaTeX manual or LaTeX Companion for explanation.
Type  H <return>  for immediate help.
 ...                                              
                                                  
l.78 ...in the validation set; average latency â‰ˆ
                                                  200 ms per inference; proc...

You may provide a definition with
\DeclareUnicodeCharacter 


! LaTeX Error: Unicode character â‰ˆ (U+2248)
               not set up for use with LaTeX.

See the LaTeX manual or LaTeX Companion for explanation.
Type  H <return>  for immediate help.
 ...                                              
                                                  
l.78 ...ms per inference; process memory usage â‰ˆ
                                                  85 MB), highlighting trade...

You may provide a definition with
\DeclareUnicodeCharacter 



[7

] (C:\gitclones\ai4rpi\build\tcc1_maxwell.lof)
\tf@lof=\write6
\openout6 = `tcc1_maxwell.lof'.



[8

] (C:\gitclones\ai4rpi\build\tcc1_maxwell.lot)
\tf@lot=\write7
\openout7 = `tcc1_maxwell.lot'.



[9

] (C:\gitclones\ai4rpi\build\tcc1_maxwell.toc

[10

])
\tf@toc=\write8
\openout8 = `tcc1_maxwell.toc'.



[11]
Cap\'{\i }tulo 1.


[12

]
Underfull \hbox (badness 10000) in paragraph at lines 120--121

 []


Underfull \hbox (badness 10000) in paragraph at lines 122--123

 []


Underfull \hbox (badness 10000) in paragraph at lines 124--125

 []



[13]
Cap\'{\i }tulo 2.


[14

]

[15]
Cap\'{\i }tulo 3.


[16

]
LaTeX Font Info:    Trying to load font information for OT1+lmr on input line 1
99.
 (C:\miktex-portable\texmfs\install\tex/latex/lm\ot1lmr.fd
File: ot1lmr.fd 2015/05/01 v1.6.1 Font defs for Latin Modern
)
LaTeX Font Info:    Trying to load font information for OML+lmm on input line 1
99.

(C:\miktex-portable\texmfs\install\tex/latex/lm\omllmm.fd
File: omllmm.fd 2015/05/01 v1.6.1 Font defs for Latin Modern
)
LaTeX Font Info:    Trying to load font information for OMS+lmsy on input line 
199.

(C:\miktex-portable\texmfs\install\tex/latex/lm\omslmsy.fd
File: omslmsy.fd 2015/05/01 v1.6.1 Font defs for Latin Modern
)
LaTeX Font Info:    Trying to load font information for OMX+lmex on input line 
199.

(C:\miktex-portable\texmfs\install\tex/latex/lm\omxlmex.fd
File: omxlmex.fd 2015/05/01 v1.6.1 Font defs for Latin Modern
)
LaTeX Font Info:    External font `lmex10' loaded for size
(Font)              <12> on input line 199.
LaTeX Font Info:    External font `lmex10' loaded for size
(Font)              <8> on input line 199.
LaTeX Font Info:    External font `lmex10' loaded for size
(Font)              <6> on input line 199.
LaTeX Font Info:    Trying to load font information for U+rsfs on input line 19
9.

(C:\miktex-portable\texmfs\install\tex/latex/jknappen\ursfs.fd
File: ursfs.fd 1998/03/24 rsfs font definition file (jk)
)
LaTeX Font Info:    Trying to load font information for U+msa on input line 199
.

(C:\miktex-portable\texmfs\install\tex/latex/amsfonts\umsa.fd
File: umsa.fd 2013/01/14 v3.01 AMS symbols A
)
(C:\miktex-portable\texmfs\install\tex/latex/microtype\mt-msa.cfg
File: mt-msa.cfg 2006/02/04 v1.1 microtype config. file: AMS symbols (a) (RS)
)
LaTeX Font Info:    Trying to load font information for U+msb on input line 199
.

(C:\miktex-portable\texmfs\install\tex/latex/amsfonts\umsb.fd
File: umsb.fd 2013/01/14 v3.01 AMS symbols B
)
(C:\miktex-portable\texmfs\install\tex/latex/microtype\mt-msb.cfg
File: mt-msb.cfg 2005/06/01 v1.0 microtype config. file: AMS symbols (b) (RS)
)
<imagens/redeneural.png, id=609, 590.205pt x 496.85625pt>
File: imagens/redeneural.png Graphic file (type png)
<use imagens/redeneural.png>
Package pdftex.def Info: imagens/redeneural.png  used on input line 219.
(pdftex.def)             Requested size: 227.62206pt x 191.62003pt.


[17 <./imagens/redeneural.png>]

[18{C:/miktex-portable/texmfs/install/fonts/enc/dvips/lm/lm-mathit.enc}]
LaTeX Font Info:    Trying to load font information for TS1+lmr on input line 2
69.

(C:\miktex-portable\texmfs\install\tex/latex/lm\ts1lmr.fd
File: ts1lmr.fd 2015/05/01 v1.6.1 Font defs for Latin Modern
)
Overfull \hbox (0.56175pt too wide) in paragraph at lines 287--288
[]\T1/lmr/bx/n/12 (-20) Quantização Pós-Treinamento (PTQ - \T1/lmr/bx/it/12 (-2
0) Post-Training Quan-ti-za-tion\T1/lmr/bx/n/12 (-20) ): \T1/lmr/m/n/12 (-20) A
plica-
 []



[19{C:/miktex-portable/texmfs/install/fonts/enc/dvips/lm/lm-rm.enc}{C:/miktex-p
ortable/texmfs/install/fonts/enc/dvips/lm/lm-mathex.enc}{C:/miktex-portable/tex
mfs/install/fonts/enc/dvips/lm/lm-ts1.enc}{C:/miktex-portable/texmfs/install/fo
nts/enc/dvips/lm/lm-mathsy.enc}]

[20]
<imagens/exemploROC.png, id=683, 609.77812pt x 441.14813pt>
File: imagens/exemploROC.png Graphic file (type png)
<use imagens/exemploROC.png>
Package pdftex.def Info: imagens/exemploROC.png  used on input line 343.
(pdftex.def)             Requested size: 318.66948pt x 230.54941pt.
<imagens/exemploConfusao.png, id=687, 499.11469pt x 467.49657pt>
File: imagens/exemploConfusao.png Graphic file (type png)
<use imagens/exemploConfusao.png>
Package pdftex.def Info: imagens/exemploConfusao.png  used on input line 353.
(pdftex.def)             Requested size: 318.66948pt x 298.49057pt.

Underfull \vbox (badness 10000) has occurred while \output is active []



[21 <./imagens/exemploROC.png>]
Underfull \vbox (badness 10000) has occurred while \output is active []



[22 <./imagens/exemploConfusao.png>]
Underfull \vbox (badness 10000) has occurred while \output is active []



[23]

[24]
Cap\'{\i }tulo 4.
<imagens/selecao.jpg, id=734, 803.0pt x 602.25pt>
File: imagens/selecao.jpg Graphic file (type jpg)
<use imagens/selecao.jpg>
Package pdftex.def Info: imagens/selecao.jpg  used on input line 454.
(pdftex.def)             Requested size: 295.90588pt x 221.92842pt.


[25

 <./imagens/selecao.jpg>]

[26]

[27]
Cap\'{\i }tulo 5.


[28

]
<imagens/rw.png, id=785, 623.32875pt x 476.53032pt>
File: imagens/rw.png Graphic file (type png)
<use imagens/rw.png>
Package pdftex.def Info: imagens/rw.png  used on input line 566.
(pdftex.def)             Requested size: 386.96027pt x 295.83112pt.
LaTeX Font Info:    Trying to load font information for T1+lmtt on input line 5
80.
 (C:\miktex-portable\texmfs\install\tex/latex/lm\t1lmtt.fd
File: t1lmtt.fd 2015/05/01 v1.6.1 Font defs for Latin Modern
)
Package microtype Info: Loading generic protrusion settings for font family
(microtype)             `lmtt' (encoding: T1).
(microtype)             For optimal results, create family-specific settings.
(microtype)             See the microtype manual for details.

! Missing $ inserted.
<inserted text> 
                $
l.580 ...o (\texttt{metadados/aumento_de_dados.py}
                                                  ) ao invocar a funÃ§Ã£o \t...
I've inserted a begin-math/end-math symbol since I think
you left one out. Proceed, with fingers crossed.

! Extra }, or forgotten $.
<recently read> \egroup 
                        
l.580 ...o (\texttt{metadados/aumento_de_dados.py}
                                                  ) ao invocar a funÃ§Ã£o \t...
I've deleted a group-closing symbol because it seems to be
spurious, as in `$x}$'. But perhaps the } is legitimate and
you forgot something else, as in `\hbox{$x}'. In such cases
the way to recover is to insert both the forgotten and the
deleted material, e.g., by typing `I$}'.


LaTeX Warning: Command \c invalid in math mode on input line 580.


LaTeX Warning: Command \~ invalid in math mode on input line 580.


LaTeX Warning: Command \' invalid in math mode on input line 580.

! Missing $ inserted.
<inserted text> 
                $
l.581 
      
I've inserted a begin-math/end-math symbol since I think
you left one out. Proceed, with fingers crossed.

! Missing } inserted.
<inserted text> 
                }
l.581 
      
I've inserted something that you may have forgotten.
(See the <inserted text> above.)
With luck, this will get me unwedged. But if you
really didn't forget anything, try typing `2' now; then
my insertion and my current dilemma will both disappear.


Overfull \hbox (519.43076pt too wide) in paragraph at lines 580--581
\T1/lmr/m/n/12 (-20) (\T1/lmtt/m/n/12 metadados/aumento$[]\OML/lmm/m/it/12 e[]a
dos:py\OT1/lmr/m/n/12 (-20) )\OML/lmm/m/it/12 aoinvocarafun\OT1/lmr/m/n/12 (-20
) çã\OML/lmm/m/it/12 o[]; assegurandoquetodooconjuntobalanceadosejagravadoj\OT1
/lmr/m/n/12 (-20) á\OML/lmm/m/it/12 notamanhoesperadopelomodelo:[]$ 
 []



[29 <./imagens/rw.png>]

! LaTeX Error: Unicode character âˆ˜ (U+2218)
               not set up for use with LaTeX.

See the LaTeX manual or LaTeX Companion for explanation.
Type  H <return>  for immediate help.
 ...                                              
                                                  
l.582 ...nservadoras (rotaÃ§Ãµes limitadas a 20âˆ˜
                                                   e zoom de 15\%) para simu...

You may provide a definition with
\DeclareUnicodeCharacter 

! Missing $ inserted.
<inserted text> 
                $
l.585 ...em \texttt{metadados/aumento_de_dados.py}
                                                  , que preserva a organizaÃ...
I've inserted a begin-math/end-math symbol since I think
you left one out. Proceed, with fingers crossed.

! Extra }, or forgotten $.
<recently read> \egroup 
                        
l.585 ...em \texttt{metadados/aumento_de_dados.py}
                                                  , que preserva a organizaÃ...
I've deleted a group-closing symbol because it seems to be
spurious, as in `$x}$'. But perhaps the } is legitimate and
you forgot something else, as in `\hbox{$x}'. In such cases
the way to recover is to insert both the forgotten and the
deleted material, e.g., by typing `I$}'.


LaTeX Warning: Command \c invalid in math mode on input line 585.


LaTeX Warning: Command \~ invalid in math mode on input line 585.


LaTeX Warning: Command \' invalid in math mode on input line 585.


LaTeX Warning: Command \c invalid in math mode on input line 585.


LaTeX Warning: Command \~ invalid in math mode on input line 585.

! Missing $ inserted.
<inserted text> 
                $
l.586 
      
I've inserted a begin-math/end-math symbol since I think
you left one out. Proceed, with fingers crossed.


Overfull \hbox (857.18625pt too wide) in paragraph at lines 585--586
[]\T1/lmr/m/n/12 (-20) Todo o pro-ce-di-mento está im-ple-men-tado em \T1/lmtt/
m/n/12 metadados/aumento$[]\OML/lmm/m/it/12 e[]ados:py; quepreservaaorganiza\OT
1/lmr/m/n/12 (-20) çã\OML/lmm/m/it/12 ohier\OT1/lmr/m/n/12 (-20) á\OML/lmm/m/it
/12 rquicaoriginaldodataset\OT1/lmr/m/n/12 (-20) (\OML/lmm/m/it/12 comsubpastas
individuaisparacadacategoria\OT1/lmr/m/n/12 (-20) )\OML/lmm/m/it/12 ; gravaocon
juntobalanceadoemdiscoefacilitaareprodu\OT1/lmr/m/n/12 (-20) çã\OML/lmm/m/it/12
 odosresultados:$ 
 []


Overfull \hbox (14.2369pt too wide) in paragraph at lines 590--591
[]\T1/lmtt/m/n/12 Esta seção descreve a implementação prática do modelo de clas
sificação,
 []


Overfull \hbox (17.13933pt too wide) in paragraph at lines 590--591
\T1/lmtt/m/n/12 desde a preparação do fluxo de dados (\T1/lmtt/m/it/12 pipeline
\T1/lmtt/m/n/12 ) até o treinamento com ajuste
 []


Overfull \hbox (51.10614pt too wide) in paragraph at lines 590--591
\T1/lmtt/m/n/12 fino. A implementação foi conduzida em ambiente de nuvem (Googl
e Colab) utilizando
 []


Overfull \hbox (66.2349pt too wide) in paragraph at lines 590--591
\T1/lmtt/m/n/12 TensorFlow/Keras. Essa escolha apoia-se na facilidade de acesso
 (basta um navegador),
 []


Overfull \hbox (7.88112pt too wide) in paragraph at lines 590--591
\T1/lmtt/m/n/12 disponibilidade gratuita ^^V ainda que limitada ^^V de CPU/GPU/
TPU e integração
 []


Overfull \hbox (3.55861pt too wide) in paragraph at lines 590--591
\T1/lmtt/m/n/12 direta com Google Drive para armazenamento e compartilhamento d
e artefatos. 
 []

LaTeX Font Info:    Font shape `T1/lmtt/bx/n' in size <12> not available
(Font)              Font shape `T1/lmtt/b/n' tried instead on input line 593.

Overfull \hbox (11.1494pt too wide) in paragraph at lines 593--594
[]\T1/lmtt/m/n/12 Os conjuntos de treino e validação foram criados a partir do 
diretório
 []


Overfull \hbox (27.53099pt too wide) in paragraph at lines 593--594
\T1/lmtt/m/n/12 base do \T1/lmtt/m/it/12 RealWaste\T1/lmtt/m/n/12 , empregando 
TensorFlow, com divisão estratificada aproximada
 []


Overfull \hbox (32.58113pt too wide) in paragraph at lines 593--594
\T1/lmtt/m/n/12 de 80/20 e semente 123 para reprodutibilidade. As imagens foram
 redimensionadas
 []


Overfull \hbox (18.69923pt too wide) in paragraph at lines 596--597
[]\T1/lmtt/m/n/12 Utilizou-se a \T1/lmtt/b/n/12 MobileNetV2 \T1/lmtt/m/n/12 com
o extratora de atributos base (include_top
 []


Overfull \hbox (44.93114pt too wide) in paragraph at lines 596--597
\T1/lmtt/m/n/12 = False, weights = 'imagenet', alpha = 1), por ser uma arquitet
ura leve, adequada
 []


Overfull \hbox (63.45615pt too wide) in paragraph at lines 596--597
\T1/lmtt/m/n/12 ao contexto TinyML. Sobre essa base adicionaram-se camadas fina
is para classificação
 []


Overfull \hbox (10.71127pt too wide) in paragraph at lines 607--608
[]\T1/lmtt/b/n/12 Pré-treino\T1/lmtt/m/n/12 : base congelada (base_model.traina
ble = False) por 5 épocas,
 []


Overfull \hbox (1.25876pt too wide) in paragraph at lines 608--609
[]\T1/lmtt/b/n/12 Ajuste fino\T1/lmtt/m/n/12 : base liberada parcialmente, mant
endo congeladas todas as
 []


Overfull \hbox (13.79878pt too wide) in paragraph at lines 608--609
\T1/lmtt/m/n/12 camadas exceto as \T1/lmtt/b/n/12 80 últimas\T1/lmtt/m/n/12 , p
ermitindo especialização progressiva dos
 []



[30]
LaTeX Font Info:    Font shape `T1/lmss/bx/it' in size <12> not available
(Font)              Font shape `T1/lmss/bx/sl' tried instead on input line 611.


Overfull \hbox (4.9744pt too wide) in paragraph at lines 612--613
[]\T1/lmtt/m/n/12 O modelo foi compilado com loss = 'sparse_categorical_crossen
tropy' e
 []


Overfull \hbox (14.68105pt too wide) in paragraph at lines 612--613
\T1/lmtt/m/n/12 métrica principal foi a acurácia. Como otimizador empregou-se \
T1/lmtt/b/n/12 AdamW \T1/lmtt/m/n/12 com taxa
 []


Overfull \hbox (60.54942pt too wide) in paragraph at lines 614--615
[]\T1/lmtt/m/n/12 Para maior robustez frente a eventuais desequilíbrios residua
is, utilizaram-se
 []


Overfull \hbox (41.63078pt too wide) in paragraph at lines 614--615
\T1/lmtt/b/n/12 pesos por classe \T1/lmtt/m/n/12 obtidos via sklearn.utils.comp
ute_class_weight sobre os \T1/lmtt/b/n/12 rótulos
 []


Overfull \hbox (60.6701pt too wide) in paragraph at lines 616--618
[]\T1/lmtt/m/n/12 Dois mecanismos de controle (\T1/lmtt/m/it/12 callbacks\T1/lm
tt/m/n/12 ) acompanharam o processo de otimização: 
 []


Overfull \hbox (12.2068pt too wide) in paragraph at lines 618--619
[]\T1/lmtt/b/n/12 Parada antecipada \T1/lmtt/m/n/12 (\T1/lmtt/m/it/12 EarlyStop
ping\T1/lmtt/m/n/12 ) monitorando val_loss, com patience =
 []


Overfull \hbox (19.75664pt too wide) in paragraph at lines 619--620
[]\T1/lmtt/b/n/12 Redução da taxa em platô \T1/lmtt/m/n/12 (\T1/lmtt/m/it/12 Re
duceLROnPlateau\T1/lmtt/m/n/12 ) com factor = 0,5, patience
 []


Overfull \hbox (6.36693pt too wide) in paragraph at lines 619--620
\T1/lmtt/m/n/12 = 3, min_lr = 1e-6, reduzindo a taxa de aprendizado quando a va
lidação
 []


Overfull \hbox (12.7742pt too wide) in paragraph at lines 625--626
[]\T1/lmtt/m/n/12 Durante o treinamento, foram registradas as curvas de \T1/lmt
t/b/n/12 acurácia \T1/lmtt/m/n/12 e \T1/lmtt/b/n/12 perda
 []


Overfull \hbox (26.39912pt too wide) in paragraph at lines 625--626
\T1/lmtt/m/n/12 para treino e validação, respectivamente. A Figura []6[] ilustr
a a evolução dessas
 []

<imagens/treino_acc_loss.png, id=804, 729.927pt x 341.1144pt>
File: imagens/treino_acc_loss.png Graphic file (type png)
<use imagens/treino_acc_loss.png>
Package pdftex.def Info: imagens/treino_acc_loss.png  used on input line 634.
(pdftex.def)             Requested size: 386.96027pt x 180.8366pt.

Overfull \hbox (23.4994pt too wide) in paragraph at lines 640--641
[]\T1/lmtt/m/n/12 Ao final, o modelo em ponto flutuante foi salvo para posterio
r conversão
 []



[31 <./imagens/treino_acc_loss.png>]
Overfull \hbox (4.9744pt too wide) in paragraph at lines 644--645
[]\T1/lmtt/m/n/12 Nesta etapa, o modelo treinado em ponto flutuante foi convert
ido para
 []


Overfull \hbox (17.93065pt too wide) in paragraph at lines 644--645
\T1/lmtt/m/n/12 o formato TensorFlow Lite com \T1/lmtt/b/n/12 quantização pós-t
reinamento \T1/lmtt/m/n/12 para \T1/lmtt/b/n/12 INT8\T1/lmtt/m/n/12 , visando
 []


Overfull \hbox (23.31862pt too wide) in paragraph at lines 644--645
\T1/lmtt/m/n/12 reduzir tamanho do arquivo do modelo, uso de memória e latência
 de inferência,
 []


Overfull \hbox (49.25125pt too wide) in paragraph at lines 647--648
[]\T1/lmtt/m/n/12 Empregou-se \T1/lmtt/b/n/12 quantização estática \T1/lmtt/m/n
/12 com calibração via \T1/lmtt/m/it/12 conjunto representativo\T1/lmtt/m/n/12 
.
 []

Package csquotes Info: Input encoding change on input line 651.
(C:\miktex-portable\texmfs\install\tex/latex/base\latin1.def
File: latin1.def 2024/02/08 v1.3d Input encoding file
LaTeX Encoding Info:    Ignoring declaration for text command \textdegree (enco
ding ?) on input line 47.
LaTeX Encoding Info:    Ignoring declaration for text command \textonehalf (enc
oding ?) on input line 48.
LaTeX Encoding Info:    Ignoring declaration for text command \textonequarter (
encoding ?) on input line 49.
LaTeX Encoding Info:    Ignoring declaration for text command \textthreequarter
s (encoding ?) on input line 50.
LaTeX Encoding Info:    Ignoring declaration for text command \textcent (encodi
ng ?) on input line 51.
LaTeX Encoding Info:    Ignoring declaration for text command \textyen (encodin
g ?) on input line 53.
LaTeX Encoding Info:    Ignoring declaration for text command \textcurrency (en
coding ?) on input line 55.
LaTeX Encoding Info:    Ignoring declaration for text command \textbrokenbar (e
ncoding ?) on input line 57.
)
Package csquotes Info: Input encoding change on input line 656.

(C:\miktex-portable\texmfs\install\tex/latex/base\latin1.def
File: latin1.def 2024/02/08 v1.3d Input encoding file
LaTeX Encoding Info:    Ignoring declaration for text command \textdegree (enco
ding ?) on input line 47.
LaTeX Encoding Info:    Ignoring declaration for text command \textonehalf (enc
oding ?) on input line 48.
LaTeX Encoding Info:    Ignoring declaration for text command \textonequarter (
encoding ?) on input line 49.
LaTeX Encoding Info:    Ignoring declaration for text command \textthreequarter
s (encoding ?) on input line 50.
LaTeX Encoding Info:    Ignoring declaration for text command \textcent (encodi
ng ?) on input line 51.
LaTeX Encoding Info:    Ignoring declaration for text command \textyen (encodin
g ?) on input line 53.
LaTeX Encoding Info:    Ignoring declaration for text command \textcurrency (en
coding ?) on input line 55.
LaTeX Encoding Info:    Ignoring declaration for text command \textbrokenbar (e
ncoding ?) on input line 57.
)
Package csquotes Info: Input encoding change on input line 661.

(C:\miktex-portable\texmfs\install\tex/latex/base\latin1.def
File: latin1.def 2024/02/08 v1.3d Input encoding file
LaTeX Encoding Info:    Ignoring declaration for text command \textdegree (enco
ding ?) on input line 47.
LaTeX Encoding Info:    Ignoring declaration for text command \textonehalf (enc
oding ?) on input line 48.
LaTeX Encoding Info:    Ignoring declaration for text command \textonequarter (
encoding ?) on input line 49.
LaTeX Encoding Info:    Ignoring declaration for text command \textthreequarter
s (encoding ?) on input line 50.
LaTeX Encoding Info:    Ignoring declaration for text command \textcent (encodi
ng ?) on input line 51.
LaTeX Encoding Info:    Ignoring declaration for text command \textyen (encodin
g ?) on input line 53.
LaTeX Encoding Info:    Ignoring declaration for text command \textcurrency (en
coding ?) on input line 55.
LaTeX Encoding Info:    Ignoring declaration for text command \textbrokenbar (e
ncoding ?) on input line 57.
)
Package csquotes Info: Input encoding change on input line 670.

(C:\miktex-portable\texmfs\install\tex/latex/base\latin1.def
File: latin1.def 2024/02/08 v1.3d Input encoding file
LaTeX Encoding Info:    Ignoring declaration for text command \textdegree (enco
ding ?) on input line 47.
LaTeX Encoding Info:    Ignoring declaration for text command \textonehalf (enc
oding ?) on input line 48.
LaTeX Encoding Info:    Ignoring declaration for text command \textonequarter (
encoding ?) on input line 49.
LaTeX Encoding Info:    Ignoring declaration for text command \textthreequarter
s (encoding ?) on input line 50.
LaTeX Encoding Info:    Ignoring declaration for text command \textcent (encodi
ng ?) on input line 51.
LaTeX Encoding Info:    Ignoring declaration for text command \textyen (encodin
g ?) on input line 53.
LaTeX Encoding Info:    Ignoring declaration for text command \textcurrency (en
coding ?) on input line 55.
LaTeX Encoding Info:    Ignoring declaration for text command \textbrokenbar (e
ncoding ?) on input line 57.
)
Package csquotes Info: Input encoding change on input line 675.

(C:\miktex-portable\texmfs\install\tex/latex/base\latin1.def
File: latin1.def 2024/02/08 v1.3d Input encoding file
LaTeX Encoding Info:    Ignoring declaration for text command \textdegree (enco
ding ?) on input line 47.
LaTeX Encoding Info:    Ignoring declaration for text command \textonehalf (enc
oding ?) on input line 48.
LaTeX Encoding Info:    Ignoring declaration for text command \textonequarter (
encoding ?) on input line 49.
LaTeX Encoding Info:    Ignoring declaration for text command \textthreequarter
s (encoding ?) on input line 50.
LaTeX Encoding Info:    Ignoring declaration for text command \textcent (encodi
ng ?) on input line 51.
LaTeX Encoding Info:    Ignoring declaration for text command \textyen (encodin
g ?) on input line 53.
LaTeX Encoding Info:    Ignoring declaration for text command \textcurrency (en
coding ?) on input line 55.
LaTeX Encoding Info:    Ignoring declaration for text command \textbrokenbar (e
ncoding ?) on input line 57.
)
Package csquotes Info: Input encoding change on input line 681.

(C:\miktex-portable\texmfs\install\tex/latex/base\latin1.def
File: latin1.def 2024/02/08 v1.3d Input encoding file
LaTeX Encoding Info:    Ignoring declaration for text command \textdegree (enco
ding ?) on input line 47.
LaTeX Encoding Info:    Ignoring declaration for text command \textonehalf (enc
oding ?) on input line 48.
LaTeX Encoding Info:    Ignoring declaration for text command \textonequarter (
encoding ?) on input line 49.
LaTeX Encoding Info:    Ignoring declaration for text command \textthreequarter
s (encoding ?) on input line 50.
LaTeX Encoding Info:    Ignoring declaration for text command \textcent (encodi
ng ?) on input line 51.
LaTeX Encoding Info:    Ignoring declaration for text command \textyen (encodin
g ?) on input line 53.
LaTeX Encoding Info:    Ignoring declaration for text command \textcurrency (en
coding ?) on input line 55.
LaTeX Encoding Info:    Ignoring declaration for text command \textbrokenbar (e
ncoding ?) on input line 57.
)
Overfull \hbox (51.28691pt too wide) in paragraph at lines 689--690
[]\T1/lmtt/m/n/12 O arquivo quantizado foi carregado via tf.lite.Interpreter. P
ara a avaliação,
 []


Overfull \hbox (14.05612pt too wide) in paragraph at lines 689--690
\T1/lmtt/m/n/12 os tensores foram alocados e os metadados de entrada/saída insp
ecionados; as
 []


Overfull \hbox (32.58113pt too wide) in paragraph at lines 689--690
\T1/lmtt/m/n/12 imagens foram convertidas condicionalmente para uint8 conforme 
o tipo requerido
 []


Overfull \hbox (7.88112pt too wide) in paragraph at lines 689--690
\T1/lmtt/m/n/12 pelo tensor de entrada; em seguida, realizou-se a inferência co
m invoke() e
 []


Overfull \hbox (7.88112pt too wide) in paragraph at lines 689--690
\T1/lmtt/m/n/12 coletaram-se as distribuições de probabilidades por classe. A p
artir dessas
 []


Overfull \hbox (26.40613pt too wide) in paragraph at lines 689--690
\T1/lmtt/m/n/12 pontuações, foram calculadas a acurácia, a precisão ponderada, 
a sensibilidade
 []


Overfull \hbox (26.40613pt too wide) in paragraph at lines 689--690
\T1/lmtt/m/n/12 ponderada, o F1 ponderado, além da matriz de confusão normaliza
da e das curvas
 []



[32]
Overfull \hbox (48.19942pt too wide) in paragraph at lines 691--692
[]\T1/lmtt/m/n/12 Em síntese, a quantização INT8 permitiu obter um modelo compa
cto e eficiente
 []


Overfull \hbox (26.40613pt too wide) in paragraph at lines 691--692
\T1/lmtt/m/n/12 sem alterar o fluxo principal de treinamento, viabilizando sua 
execução futura
 []


Overfull \hbox (4.9744pt too wide) in paragraph at lines 695--696
[]\T1/lmtt/m/n/12 Nesta seção é apresentada a justificativa da escolha da plata
forma de
 []


Overfull \hbox (7.88112pt too wide) in paragraph at lines 695--696
\T1/lmtt/m/n/12 execução do modelo e a preparação realizada para torná-la apta 
à inferência
 []


Overfull \hbox (1.70612pt too wide) in paragraph at lines 695--696
\T1/lmtt/m/n/12 embarcada. A escolha pela Raspberry Pi 3 Model B+ foi definida 
com base em
 []


Overfull \hbox (14.05612pt too wide) in paragraph at lines 695--696
\T1/lmtt/m/n/12 um conjunto de critérios técnicos que a qualificam como uma pla
taforma ideal
 []


Overfull \hbox (44.93114pt too wide) in paragraph at lines 695--696
\T1/lmtt/m/n/12 para a validação de soluções TinyML em ambiente de borda, ofere
cendo o equilíbrio
 []


Overfull \hbox (4.9744pt too wide) in paragraph at lines 697--698
[]\T1/lmtt/m/n/12 Os principais fatores considerados foram: o equilíbrio entre 
recursos
 []


Overfull \hbox (14.04912pt too wide) in paragraph at lines 697--698
\T1/lmtt/m/n/12 computacionais (CPU quad-core 64-bit e 1 GB de RAM) e simplicid
ade de uso; a
 []


Overfull \hbox (25.17113pt too wide) in paragraph at lines 697--698
\T1/lmtt/m/n/12 compatibilidade nativa com o fluxo de quantização INT8 (uso do 
tflite_runtime)
 []


Overfull \hbox (20.23112pt too wide) in paragraph at lines 697--698
\T1/lmtt/m/n/12 sem a necessidade de aceleração especializada; o suporte direto
 a câmera para
 []


Overfull \hbox (38.75613pt too wide) in paragraph at lines 697--698
\T1/lmtt/m/n/12 aquisição das imagens de teste; e a ampla comunidade e maturida
de do ecossistema
 []


Overfull \hbox (60.54942pt too wide) in paragraph at lines 699--700
[]\T1/lmtt/m/n/12 Esses fatores tornam a placa adequada como alvo intermediário
: suficientemente
 []


Overfull \hbox (26.40613pt too wide) in paragraph at lines 699--700
\T1/lmtt/m/n/12 capaz para validar latência e robustez do modelo convolucional 
quantizado, mas
 []


Overfull \hbox (7.88112pt too wide) in paragraph at lines 699--700
\T1/lmtt/m/n/12 ainda representativa de um ambiente de recursos restritos frent
e a soluções
 []


Overfull \hbox (32.58113pt too wide) in paragraph at lines 699--700
\T1/lmtt/m/n/12 de maior porte. Adicionalmente, a disponibilidade física imedia
ta da plataforma
 []


Overfull \hbox (40.60863pt too wide) in paragraph at lines 699--700
\T1/lmtt/m/n/12 no início do projeto permitiu eliminar custos e atrasos na aqui
sição do hardware. 
 []


Overfull \hbox (4.9744pt too wide) in paragraph at lines 701--702
[]\T1/lmtt/m/n/12 A Tabela []7[] resume as principais especificações técnicas e
mpregadas no
 []


Overfull \hbox (6.19327pt too wide) in paragraph at lines 706--723
 [][] 
 []


Underfull \vbox (badness 10000) has occurred while \output is active []



[33]
Overfull \hbox (35.84941pt too wide) in paragraph at lines 726--728
[]\T1/lmtt/m/n/12 Os passos principais para preparar o dispositivo para a execu
ção do modelo
 []


Overfull \hbox (28.46472pt too wide) in paragraph at lines 728--729
[]\T1/lmtt/b/n/12 Gravação do sistema operacional\T1/lmtt/m/n/12 : uso do Raspb
erry Pi Imager para instalar
 []


Overfull \hbox (12.83928pt too wide) in paragraph at lines 728--729
\T1/lmtt/m/n/12 Raspberry Pi OS Lite (versão 64-bit), disponível no site oficia
l ([][]\T1/lmtt/m/sc/12/50ls foun-
 []


Overfull \hbox (26.20874pt too wide) in paragraph at lines 729--730
[]\T1/lmtt/b/n/12 Acesso remoto\T1/lmtt/m/n/12 : habilitação de SSH e definição
 de hostname específico para
 []


Overfull \hbox (33.5086pt too wide) in paragraph at lines 730--731
[]\T1/lmtt/b/n/12 Atualização de pacotes\T1/lmtt/m/n/12 : execução de atualizaç
ão e cuidado em manter versão
 []


Overfull \hbox (36.9402pt too wide) in paragraph at lines 730--731
\T1/lmtt/m/n/12 de Python compatível com dependências de inferência (TensorFlow
 Lite requer
 []


Overfull \hbox (9.74852pt too wide) in paragraph at lines 731--732
[]\T1/lmtt/b/n/12 Instalação das dependências\T1/lmtt/m/n/12 : instalação de py
thon3-pip, bibliotecas de
 []


Overfull \hbox (3.44853pt too wide) in paragraph at lines 732--733
[]\T1/lmtt/b/n/12 Habilitação de periféricos\T1/lmtt/m/n/12 : ativação opcional
 do suporte à câmera via
 []


Overfull \hbox (58.08363pt too wide) in paragraph at lines 733--734
[]\T1/lmtt/b/n/12 Validação do ambiente\T1/lmtt/m/n/12 : teste de carregamento 
do modelo quantizado, verificação
 []


Overfull \hbox (18.72394pt too wide) in paragraph at lines 733--734
\T1/lmtt/m/n/12 de memória disponível, tempo médio de inferência e temperatura 
sob carga
 []


Overfull \hbox (4.9744pt too wide) in paragraph at lines 738--739
[]\T1/lmtt/m/n/12 Esta subseção descreve a execução prática do modelo quantizad
o em uma
 []


Overfull \hbox (63.1474pt too wide) in paragraph at lines 738--739
\T1/lmtt/m/n/12 Raspberry Pi 3 Model B+, conforme especificado na Seção []5.5[]
. O objetivo é demonstrar
 []


Overfull \hbox (54.19363pt too wide) in paragraph at lines 738--739
\T1/lmtt/m/n/12 a captura de imagem, pré-processamento mínimo e inferência usan
do o tflite_runtime,
 []


Overfull \hbox (82.16193pt too wide) in paragraph at lines 740--741
[]\T1/lmtt/m/n/12 O código na sua íntegra está disponível no link do GitHub men
cionado inicialmente,
 []

(C:\miktex-portable\texmfs\install\tex/latex/listings\lstlang1.sty
File: lstlang1.sty 2024/09/23 1.10c listings language file
)
Overfull \hbox (60.54942pt too wide) in paragraph at lines 743--744
[]\T1/lmtt/m/n/12 Assumem-se as seguintes bibliotecas importadas e o caminho do
 modelo definidos
 []



[34]
Package csquotes Info: Input encoding change on input line 744.
 (C:\miktex-portable\texmfs\install\tex/latex/base\latin1.def
File: latin1.def 2024/02/08 v1.3d Input encoding file
LaTeX Encoding Info:    Ignoring declaration for text command \textdegree (enco
ding ?) on input line 47.
LaTeX Encoding Info:    Ignoring declaration for text command \textonehalf (enc
oding ?) on input line 48.
LaTeX Encoding Info:    Ignoring declaration for text command \textonequarter (
encoding ?) on input line 49.
LaTeX Encoding Info:    Ignoring declaration for text command \textthreequarter
s (encoding ?) on input line 50.
LaTeX Encoding Info:    Ignoring declaration for text command \textcent (encodi
ng ?) on input line 51.
LaTeX Encoding Info:    Ignoring declaration for text command \textyen (encodin
g ?) on input line 53.
LaTeX Encoding Info:    Ignoring declaration for text command \textcurrency (en
coding ?) on input line 55.
LaTeX Encoding Info:    Ignoring declaration for text command \textbrokenbar (e
ncoding ?) on input line 57.
)
LaTeX Font Info:    Font shape `T1/lmtt/bx/n' in size <10.95> not available
(Font)              Font shape `T1/lmtt/b/n' tried instead on input line 745.
Package csquotes Info: Input encoding change on input line 753.

(C:\miktex-portable\texmfs\install\tex/latex/base\latin1.def
File: latin1.def 2024/02/08 v1.3d Input encoding file
LaTeX Encoding Info:    Ignoring declaration for text command \textdegree (enco
ding ?) on input line 47.
LaTeX Encoding Info:    Ignoring declaration for text command \textonehalf (enc
oding ?) on input line 48.
LaTeX Encoding Info:    Ignoring declaration for text command \textonequarter (
encoding ?) on input line 49.
LaTeX Encoding Info:    Ignoring declaration for text command \textthreequarter
s (encoding ?) on input line 50.
LaTeX Encoding Info:    Ignoring declaration for text command \textcent (encodi
ng ?) on input line 51.
LaTeX Encoding Info:    Ignoring declaration for text command \textyen (encodin
g ?) on input line 53.
LaTeX Encoding Info:    Ignoring declaration for text command \textcurrency (en
coding ?) on input line 55.
LaTeX Encoding Info:    Ignoring declaration for text command \textbrokenbar (e
ncoding ?) on input line 57.
)
Overfull \hbox (38.7927pt too wide) in paragraph at lines 756--757
[]\T1/lmtt/m/n/12 Armazenamento da imagem original para registro e auditoria (f
oto_teste.jpg). 
 []

Package csquotes Info: Input encoding change on input line 757.
(C:\miktex-portable\texmfs\install\tex/latex/base\latin1.def
File: latin1.def 2024/02/08 v1.3d Input encoding file
LaTeX Encoding Info:    Ignoring declaration for text command \textdegree (enco
ding ?) on input line 47.
LaTeX Encoding Info:    Ignoring declaration for text command \textonehalf (enc
oding ?) on input line 48.
LaTeX Encoding Info:    Ignoring declaration for text command \textonequarter (
encoding ?) on input line 49.
LaTeX Encoding Info:    Ignoring declaration for text command \textthreequarter
s (encoding ?) on input line 50.
LaTeX Encoding Info:    Ignoring declaration for text command \textcent (encodi
ng ?) on input line 51.
LaTeX Encoding Info:    Ignoring declaration for text command \textyen (encodin
g ?) on input line 53.
LaTeX Encoding Info:    Ignoring declaration for text command \textcurrency (en
coding ?) on input line 55.
LaTeX Encoding Info:    Ignoring declaration for text command \textbrokenbar (e
ncoding ?) on input line 57.
)
LaTeX Font Info:    External font `lmex10' loaded for size
(Font)              <10> on input line 760.
LaTeX Font Info:    External font `lmex10' loaded for size
(Font)              <7> on input line 760.
LaTeX Font Info:    External font `lmex10' loaded for size
(Font)              <5> on input line 760.
Package csquotes Info: Input encoding change on input line 761.

(C:\miktex-portable\texmfs\install\tex/latex/base\latin1.def
File: latin1.def 2024/02/08 v1.3d Input encoding file
LaTeX Encoding Info:    Ignoring declaration for text command \textdegree (enco
ding ?) on input line 47.
LaTeX Encoding Info:    Ignoring declaration for text command \textonehalf (enc
oding ?) on input line 48.
LaTeX Encoding Info:    Ignoring declaration for text command \textonequarter (
encoding ?) on input line 49.
LaTeX Encoding Info:    Ignoring declaration for text command \textthreequarter
s (encoding ?) on input line 50.
LaTeX Encoding Info:    Ignoring declaration for text command \textcent (encodi
ng ?) on input line 51.
LaTeX Encoding Info:    Ignoring declaration for text command \textyen (encodin
g ?) on input line 53.
LaTeX Encoding Info:    Ignoring declaration for text command \textcurrency (en
coding ?) on input line 55.
LaTeX Encoding Info:    Ignoring declaration for text command \textbrokenbar (e
ncoding ?) on input line 57.
)
Package csquotes Info: Input encoding change on input line 765.

(C:\miktex-portable\texmfs\install\tex/latex/base\latin1.def
File: latin1.def 2024/02/08 v1.3d Input encoding file
LaTeX Encoding Info:    Ignoring declaration for text command \textdegree (enco
ding ?) on input line 47.
LaTeX Encoding Info:    Ignoring declaration for text command \textonehalf (enc
oding ?) on input line 48.
LaTeX Encoding Info:    Ignoring declaration for text command \textonequarter (
encoding ?) on input line 49.
LaTeX Encoding Info:    Ignoring declaration for text command \textthreequarter
s (encoding ?) on input line 50.
LaTeX Encoding Info:    Ignoring declaration for text command \textcent (encodi
ng ?) on input line 51.
LaTeX Encoding Info:    Ignoring declaration for text command \textyen (encodin
g ?) on input line 53.
LaTeX Encoding Info:    Ignoring declaration for text command \textcurrency (en
coding ?) on input line 55.
LaTeX Encoding Info:    Ignoring declaration for text command \textbrokenbar (e
ncoding ?) on input line 57.
)
Overfull \hbox (61.94896pt too wide) in paragraph at lines 768--769
[]\T1/lmtt/m/n/12 Carregamento do arquivo .tflite, alocação de tensores e leitu
ra dos descritores
 []

Package csquotes Info: Input encoding change on input line 769.
(C:\miktex-portable\texmfs\install\tex/latex/base\latin1.def
File: latin1.def 2024/02/08 v1.3d Input encoding file
LaTeX Encoding Info:    Ignoring declaration for text command \textdegree (enco
ding ?) on input line 47.
LaTeX Encoding Info:    Ignoring declaration for text command \textonehalf (enc
oding ?) on input line 48.
LaTeX Encoding Info:    Ignoring declaration for text command \textonequarter (
encoding ?) on input line 49.
LaTeX Encoding Info:    Ignoring declaration for text command \textthreequarter
s (encoding ?) on input line 50.
LaTeX Encoding Info:    Ignoring declaration for text command \textcent (encodi
ng ?) on input line 51.
LaTeX Encoding Info:    Ignoring declaration for text command \textyen (encodin
g ?) on input line 53.
LaTeX Encoding Info:    Ignoring declaration for text command \textcurrency (en
coding ?) on input line 55.
LaTeX Encoding Info:    Ignoring declaration for text command \textbrokenbar (e
ncoding ?) on input line 57.
)
Overfull \hbox (37.24895pt too wide) in paragraph at lines 772--773
[]\T1/lmtt/m/n/12 Escrita dos dados de entrada e invocação da inferência (com m
edição simples
 []

Package csquotes Info: Input encoding change on input line 773.
(C:\miktex-portable\texmfs\install\tex/latex/base\latin1.def
File: latin1.def 2024/02/08 v1.3d Input encoding file
LaTeX Encoding Info:    Ignoring declaration for text command \textdegree (enco
ding ?) on input line 47.
LaTeX Encoding Info:    Ignoring declaration for text command \textonehalf (enc
oding ?) on input line 48.
LaTeX Encoding Info:    Ignoring declaration for text command \textonequarter (
encoding ?) on input line 49.
LaTeX Encoding Info:    Ignoring declaration for text command \textthreequarter
s (encoding ?) on input line 50.
LaTeX Encoding Info:    Ignoring declaration for text command \textcent (encodi
ng ?) on input line 51.
LaTeX Encoding Info:    Ignoring declaration for text command \textyen (encodin
g ?) on input line 53.
LaTeX Encoding Info:    Ignoring declaration for text command \textcurrency (en
coding ?) on input line 55.
LaTeX Encoding Info:    Ignoring declaration for text command \textbrokenbar (e
ncoding ?) on input line 57.
)
Overfull \hbox (6.06519pt too wide) in paragraph at lines 776--777
[]\T1/lmtt/m/n/12 Leitura das probabilidades de saída e seleção da classe de ma
ior valor
 []

Package csquotes Info: Input encoding change on input line 777.
(C:\miktex-portable\texmfs\install\tex/latex/base\latin1.def
File: latin1.def 2024/02/08 v1.3d Input encoding file
LaTeX Encoding Info:    Ignoring declaration for text command \textdegree (enco
ding ?) on input line 47.
LaTeX Encoding Info:    Ignoring declaration for text command \textonehalf (enc
oding ?) on input line 48.
LaTeX Encoding Info:    Ignoring declaration for text command \textonequarter (
encoding ?) on input line 49.
LaTeX Encoding Info:    Ignoring declaration for text command \textthreequarter
s (encoding ?) on input line 50.
LaTeX Encoding Info:    Ignoring declaration for text command \textcent (encodi
ng ?) on input line 51.
LaTeX Encoding Info:    Ignoring declaration for text command \textyen (encodin
g ?) on input line 53.
LaTeX Encoding Info:    Ignoring declaration for text command \textcurrency (en
coding ?) on input line 55.
LaTeX Encoding Info:    Ignoring declaration for text command \textbrokenbar (e
ncoding ?) on input line 57.
)

[35]
Cap\'{\i }tulo 6.

Overfull \hbox (42.02441pt too wide) in paragraph at lines 788--789
[]\T1/lmtt/m/n/12 Neste capítulo, são discutidos os resultados obtidos, com ênf
ase na análise
 []


Overfull \hbox (20.23112pt too wide) in paragraph at lines 788--789
\T1/lmtt/m/n/12 de métricas de desempenho, na eficiência de inferência no hardw
are alvo e nas
 []


Overfull \hbox (54.37442pt too wide) in paragraph at lines 793--794
[]\T1/lmtt/m/n/12 Esta seção avalia o desempenho do classificador com base no r
oteiro executado
 []


Overfull \hbox (1.70612pt too wide) in paragraph at lines 793--794
\T1/lmtt/m/n/12 no Google Colab, avaliando o modelo quantizado em INT8 sobre o 
conjunto de
 []


Overfull \hbox (7.57237pt too wide) in paragraph at lines 793--794
\T1/lmtt/m/n/12 validação. São reportadas métricas globais (médias ponderadas),
 a matriz de
 []


Overfull \hbox (54.37442pt too wide) in paragraph at lines 796--797
[]\T1/lmtt/m/n/12 Após o treinamento, realizou-se a etapa de validação, onde o 
modelo processou
 []


Overfull \hbox (44.93114pt too wide) in paragraph at lines 796--797
\T1/lmtt/m/n/12 as imagens de teste para verificar sua capacidade de generaliza
ção. Os resultados
 []


Overfull \hbox (20.23112pt too wide) in paragraph at lines 796--797
\T1/lmtt/m/n/12 dessas inferências foram processados via scikit-learn, gerando 
os indicadores
 []


Overfull \hbox (39.49867pt too wide) in paragraph at lines 800--801
[]\T1/lmtt/b/n/12 Precisão ponderada \T1/lmtt/m/n/12 (PRE): média ponderada da 
precisão por classe, ponderada
 []


Overfull \hbox (37.03609pt too wide) in paragraph at lines 801--802
[]\T1/lmtt/b/n/12 Sensibilidade ponderada \T1/lmtt/m/n/12 (SEN): média ponderad
a da sensibilidade por classe,
 []


Overfull \hbox (1.69875pt too wide) in paragraph at lines 802--803
[]\T1/lmtt/b/n/12 F1 ponderado\T1/lmtt/m/n/12 : média ponderada do F1 por class
e, combinando precisão e
 []


Overfull \hbox (17.3244pt too wide) in paragraph at lines 805--806
[]\T1/lmtt/m/n/12 Os resultados consolidados para o conjunto de validação são o
s exibidos
 []


Overfull \hbox (39.0576pt too wide) in paragraph at lines 827--828
[]\T1/lmtt/m/n/12 O presente trabalho utilizou o mesmo conjunto de dados \T1/lm
tt/m/it/12 RealWaste \T1/lmtt/m/n/12 empregado
 []


Overfull \hbox (4.4559pt too wide) in paragraph at lines 827--828
\T1/lmtt/m/n/12 no estudo de referência ([][]\T1/lmtt/m/sc/12/50ls sin-gle\T1/l
mtt/m/n/12 ; \T1/lmtt/m/sc/12/50ls iran-ma-nesh\T1/lmtt/m/n/12 ; \T1/lmtt/m/sc/
12/50ls raad[]\T1/lmtt/m/n/12 , []2023c[]), o que permite
 []


Overfull \hbox (7.88112pt too wide) in paragraph at lines 827--828
\T1/lmtt/m/n/12 estabelecer uma linha de base comum para análise. No entanto, é
 fundamental
 []


Overfull \hbox (26.40613pt too wide) in paragraph at lines 827--828
\T1/lmtt/m/n/12 destacar que a comparação direta entre os resultados de acuráci
a absoluta deve
 []


Overfull \hbox (57.28114pt too wide) in paragraph at lines 827--828
\T1/lmtt/m/n/12 ser feita com ressalvas, uma vez que os objetivos e as restriçõ
es de cada abordagem
 []



[36

]
Overfull \hbox (35.84941pt too wide) in paragraph at lines 829--830
[]\T1/lmtt/m/n/12 O estudo de referência teve como propósito validar a qualidad
e do conjunto
 []


Overfull \hbox (17.3893pt too wide) in paragraph at lines 829--830
\T1/lmtt/m/n/12 de dados e estabelecer marcos de desempenho (\T1/lmtt/m/it/12 b
enchmarks\T1/lmtt/m/n/12 ) utilizando o estado
 []


Overfull \hbox (44.93114pt too wide) in paragraph at lines 829--830
\T1/lmtt/m/n/12 da arte em Redes Neurais Convolucionais. Para isso, foram empre
gadas arquiteturas
 []


Overfull \hbox (4.79361pt too wide) in paragraph at lines 829--830
\T1/lmtt/m/n/12 profundas e computacionalmente intensivas (como InceptionV3 e D
enseNet121),
 []


Overfull \hbox (11.53941pt too wide) in paragraph at lines 829--830
\T1/lmtt/m/n/12 imagens em alta resolução (524$\OMS/lmsy/m/n/12 ^^B$\T1/lmtt/m/
n/12 524 px) e técnicas de aumento de dados (\T1/lmtt/m/it/12 data
 []


Overfull \hbox (23.81427pt too wide) in paragraph at lines 829--830
\T1/lmtt/m/it/12 augmentation\T1/lmtt/m/n/12 ) robustas e agressivas. Nesse cen
ário ideal, livre de restrições
 []


Overfull \hbox (4.9744pt too wide) in paragraph at lines 831--832
[]\T1/lmtt/m/n/12 Em contrapartida, o objetivo deste trabalho foi validar a via
bilidade
 []


Overfull \hbox (47.45563pt too wide) in paragraph at lines 831--832
\T1/lmtt/m/n/12 de uma aplicação \T1/lmtt/m/it/12 TinyML \T1/lmtt/m/n/12 em um 
dispositivo de borda (Raspberry Pi 3). Para atender
 []


Overfull \hbox (25.17113pt too wide) in paragraph at lines 831--832
\T1/lmtt/m/n/12 aos requisitos de latência em tempo real e limitações de memóri
a (RAM e Flash)
 []


Overfull \hbox (7.87411pt too wide) in paragraph at lines 831--832
\T1/lmtt/m/n/12 descritos na Seção []6.2[], foram necessárias escolhas de proje
to que penalizam
 []


Overfull \hbox (26.08376pt too wide) in paragraph at lines 834--835
[]\T1/lmtt/b/n/12 Arquitetura: \T1/lmtt/m/n/12 Adoção da MobileNetV2, uma rede 
significativamente mais leve
 []


Overfull \hbox (16.95714pt too wide) in paragraph at lines 835--836
[]\T1/lmtt/b/n/12 Resolução: \T1/lmtt/m/n/12 Redução da entrada para 224$\OMS/l
msy/m/n/12 ^^B$\T1/lmtt/m/n/12 224 px, diminuindo drasticamente
 []


Overfull \hbox (7.87375pt too wide) in paragraph at lines 836--837
[]\T1/lmtt/b/n/12 Quantização: \T1/lmtt/m/n/12 Conversão dos pesos para inteiro
s de 8 bits (INT8), o que
 []


Overfull \hbox (30.23616pt too wide) in paragraph at lines 837--838
[]\T1/lmtt/b/n/12 Pré-processamento: \T1/lmtt/m/n/12 Uso de técnicas de aumento
 de dados mais conservadoras,
 []


Overfull \hbox (60.54242pt too wide) in paragraph at lines 840--841
[]\T1/lmtt/m/n/12 Dessa forma, a acurácia de aproximadamente 68% obtida no conj
unto de validação
 []


Overfull \hbox (14.05612pt too wide) in paragraph at lines 840--841
\T1/lmtt/m/n/12 não deve ser interpretada apenas como um déficit de desempenho,
 mas sim como
 []


Overfull \hbox (32.58113pt too wide) in paragraph at lines 840--841
\T1/lmtt/m/n/12 a demonstração do compromisso entre precisão e eficiência. O re
sultado confirma
 []


Overfull \hbox (14.05612pt too wide) in paragraph at lines 840--841
\T1/lmtt/m/n/12 que, mesmo com drásticas reduções de complexidade para adequaçã
o ao hardware
 []


Overfull \hbox (32.58113pt too wide) in paragraph at lines 840--841
\T1/lmtt/m/n/12 embarcado, o sistema mantém capacidade de generalização funcion
al para a tarefa
 []


Overfull \hbox (60.54942pt too wide) in paragraph at lines 843--844
[]\T1/lmtt/m/n/12 O relatório por classe (precisão, sensibilidade e F1 por rótu
lo) é apresentado
 []


Overfull \hbox (32.57413pt too wide) in paragraph at lines 843--844
\T1/lmtt/m/n/12 na Tabela []9[]. Os valores refletem o comportamento do classif
icador por categoria
 []


Overfull \hbox (22.08362pt too wide) in paragraph at lines 843--844
\T1/lmtt/m/n/12 específica, auxiliando na identificação de classes com maior ta
xa de confusão. 
 []



[37]
Overfull \hbox (3.92377pt too wide) in paragraph at lines 869--870
[]\T1/lmtt/m/n/12 A Figura []7[] apresenta a \T1/lmtt/b/n/12 matriz de confusão
 normalizada por classe \T1/lmtt/m/n/12 (em
 []


Overfull \hbox (32.27238pt too wide) in paragraph at lines 869--870
\T1/lmtt/m/n/12 %), permitindo visualizar padrões de acerto/erro entre categori
as. As diagonais
 []

<imagens/matriz_confusao.png, id=918, 414.8298pt x 371.4678pt>
File: imagens/matriz_confusao.png Graphic file (type png)
<use imagens/matriz_confusao.png>
Package pdftex.def Info: imagens/matriz_confusao.png  used on input line 878.
(pdftex.def)             Requested size: 409.71692pt x 366.89836pt.

Overfull \hbox (7.59908pt too wide) in paragraph at lines 885--886
[]\T1/lmtt/m/n/12 A Figura []8[] mostra as \T1/lmtt/b/n/12 curvas COR por class
e \T1/lmtt/m/n/12 e as respectivas áreas sob
 []


Overfull \hbox (7.88112pt too wide) in paragraph at lines 885--886
\T1/lmtt/m/n/12 a curva (AUC), calculadas a partir dos escores de saída do mode
lo para cada
 []


Overfull \hbox (52.98091pt too wide) in paragraph at lines 885--886
\T1/lmtt/m/n/12 rótulo. Em cenários multiclasse, cada curva contrasta o desempe
nho \T1/lmtt/m/it/12 um-versus-resto
 []



[38 <./imagens/matriz_confusao.png>]
<imagens/roc_multiclasse.png, id=925, 731.3724pt x 506.6127pt>
File: imagens/roc_multiclasse.png Graphic file (type png)
<use imagens/roc_multiclasse.png>
Package pdftex.def Info: imagens/roc_multiclasse.png  used on input line 894.
(pdftex.def)             Requested size: 409.71692pt x 283.80939pt.

Overfull \hbox (23.4994pt too wide) in paragraph at lines 901--902
[]\T1/lmtt/m/n/12 Em linhas gerais, as médias ponderadas (PRE, SEN, F1) reflete
m o impacto
 []


Overfull \hbox (41.40561pt too wide) in paragraph at lines 901--902
\T1/lmtt/m/n/12 do \T1/lmtt/m/it/12 suporte \T1/lmtt/m/n/12 de cada classe; ass
im, classes com menos amostras tendem a apresentar
 []


Overfull \hbox (52.95863pt too wide) in paragraph at lines 901--902
\T1/lmtt/m/n/12 maior variância nas métricas individuais, influenciando menos o
 agregado ponderado.
 []


Overfull \hbox (19.61363pt too wide) in paragraph at lines 901--902
\T1/lmtt/m/n/12 A leitura conjunta da matriz de confusão e das curvas COR permi
te identificar
 []


Overfull \hbox (32.58113pt too wide) in paragraph at lines 901--902
\T1/lmtt/m/n/12 pares de classes mais propensos à confusão e orientar possíveis
 ajustes: coleta
 []


Overfull \hbox (38.75613pt too wide) in paragraph at lines 901--902
\T1/lmtt/m/n/12 adicional para classes minoritárias, refinamento de aumento de 
dados direcionado
 []


Overfull \hbox (51.10614pt too wide) in paragraph at lines 901--902
\T1/lmtt/m/n/12 e, se necessário, afrouxar ou ajustar limiares de decisão em ce
nários operacionais
 []


Overfull \hbox (54.37442pt too wide) in paragraph at lines 906--911
[]\T1/lmtt/m/n/12 A eficiência computacional do sistema foi avaliada consideran
do três aspectos
 []


Overfull \hbox (20.23112pt too wide) in paragraph at lines 906--911
\T1/lmtt/m/n/12 principais: (i) tempo médio de inferência por imagem, (ii) uso 
de CPU durante
 []


Overfull \hbox (7.88112pt too wide) in paragraph at lines 906--911
\T1/lmtt/m/n/12 a execução do modelo e (iii) consumo de memória RAM. Todos os e
nsaios foram
 []


Overfull \hbox (19.16989pt too wide) in paragraph at lines 914--918
[]\T1/lmtt/m/n/12 A Figura []9[] apresenta a estrutura física utilizada para to
dos os ensaios.
 []


Overfull \hbox (44.93114pt too wide) in paragraph at lines 914--918
\T1/lmtt/m/n/12 O suporte foi construído com tubos de PVC, permitindo fixar a w
ebcam USB genérica
 []


Overfull \hbox (69.63115pt too wide) in paragraph at lines 914--918
\T1/lmtt/m/n/12 na posição superior, perpendicular ao plano de deposição dos re
síduos. O Raspberry Pi
 []


Overfull \hbox (23.31862pt too wide) in paragraph at lines 914--918
\T1/lmtt/m/n/12 utilizado para realizar as inferências foi instalado diretament
e na estrutura,
 []


Overfull \hbox (1.70612pt too wide) in paragraph at lines 914--918
\T1/lmtt/m/n/12 garantindo estabilidade e reduzindo interferências externas. Es
sa montagem
 []


Overfull \hbox (81.98116pt too wide) in paragraph at lines 914--918
\T1/lmtt/m/n/12 assegurou distância fixa entre câmera e objeto, iluminação unif
orme e reprodutibilidade
 []



[39 <./imagens/roc_multiclasse.png>]
<imagens/ensaios/montagem.jpeg, id=932, 724.95844pt x 963.6pt>
File: imagens/ensaios/montagem.jpeg Graphic file (type jpg)
<use imagens/ensaios/montagem.jpeg>
Package pdftex.def Info: imagens/ensaios/montagem.jpeg  used on input line 921.

(pdftex.def)             Requested size: 318.66948pt x 423.57362pt.

Overfull \hbox (14.29375pt too wide) in paragraph at lines 927--928
[]\T1/lmtt/m/n/12 A base da estrutura mede 60 cm $\OMS/lmsy/m/n/12 ^^B$ \T1/lmt
t/m/n/12 60 cm, proporcionando área suficiente
 []


Overfull \hbox (1.70612pt too wide) in paragraph at lines 927--928
\T1/lmtt/m/n/12 para a colocação dos resíduos a serem classificados. A altura d
a haste que
 []


Overfull \hbox (7.88112pt too wide) in paragraph at lines 927--928
\T1/lmtt/m/n/12 suporta a câmera foi regulado experimentalmente, fixando o foco
 da câmera e
 []


Overfull \hbox (20.23112pt too wide) in paragraph at lines 927--928
\T1/lmtt/m/n/12 ajustando a altura da câmera de forma a enquadar adequadamente 
a área interna
 []


Overfull \hbox (26.40613pt too wide) in paragraph at lines 927--928
\T1/lmtt/m/n/12 do quadrado da base. Com este teste feito, a altura ideal encon
trada para este
 []


Overfull \hbox (63.1404pt too wide) in paragraph at lines 927--928
\T1/lmtt/m/n/12 caso foi de 90 cm. Finalmente, um tubo de 30 cm foi utilizado d
e forma a centralizar
 []



[40 <./imagens/ensaios/montagem.jpeg>]
Overfull \hbox (13.00189pt too wide) in paragraph at lines 929--930
[]\T1/lmtt/m/n/12 A Tabela []10[] detalha os materiais utilizados na construção
 da estrutura. 
 []


Overfull \hbox (11.1424pt too wide) in paragraph at lines 951--952
[]\T1/lmtt/m/n/12 Nota: Para a montagem da base, o segmento de 60 cm deve ser s
eccionado
 []


Overfull \hbox (7.88112pt too wide) in paragraph at lines 951--952
\T1/lmtt/m/n/12 para a inserção da conexão em T. Recomenda-se cortar o tubo ini
cialmente ao
 []


Overfull \hbox (26.40613pt too wide) in paragraph at lines 951--952
\T1/lmtt/m/n/12 meio e acoplar as duas partes à conexão. Em seguida, deve-se re
alizar o ajuste
 []


Overfull \hbox (44.93114pt too wide) in paragraph at lines 951--952
\T1/lmtt/m/n/12 final nas extremidades para que o conjunto (tubos + conexão) at
inja o comprimento
 []


Overfull \hbox (17.3244pt too wide) in paragraph at lines 954--955
[]\T1/lmtt/m/n/12 As medições de latência e as métricas apresentadas nesta subs
eção foram
 []


Overfull \hbox (90.00865pt too wide) in paragraph at lines 954--955
\T1/lmtt/m/n/12 obtidas a partir da rotina de teste desenvolvida no arquivo met
adados/test_tinyml_rpi.py.
 []


Overfull \hbox (14.05612pt too wide) in paragraph at lines 954--955
\T1/lmtt/m/n/12 O código carrega o modelo com tflite_runtime.Interpreter, captu
ra quadros da
 []


Overfull \hbox (7.88112pt too wide) in paragraph at lines 954--955
\T1/lmtt/m/n/12 câmera via OpenCV, redimensiona cada frame para o input_shape e
sperado pelo
 []


Overfull \hbox (3.55861pt too wide) in paragraph at lines 954--955
\T1/lmtt/m/n/12 modelo e converte os dados para uint8 quando se trata de modelo
 quantizado.
 []


Overfull \hbox (26.09738pt too wide) in paragraph at lines 954--955
\T1/lmtt/m/n/12 A latência por inferência é medida com time.perf_counter() imed
iatamente antes
 []


Overfull \hbox (57.28114pt too wide) in paragraph at lines 954--955
\T1/lmtt/m/n/12 e após interpreter.invoke() e convertida para milissegundos; al
ém disso é computada
 []


Overfull \hbox (26.89015pt too wide) in paragraph at lines 954--955
\T1/lmtt/m/n/12 uma média exponencial (EMA) da latência usando $\OML/lmm/m/it/1
2  \OT1/lmr/m/n/12 (-20) = 0[]12$ \T1/lmtt/m/n/12 para suavizar variações
 []


Overfull \hbox (32.58113pt too wide) in paragraph at lines 954--955
\T1/lmtt/m/n/12 pontuais. A aplicação registra ainda um log simples a cada 30 f
rames e sobrepõe
 []


Overfull \hbox (20.23112pt too wide) in paragraph at lines 954--955
\T1/lmtt/m/n/12 no próprio frame a predição, a confiança (saída dividida por 25
5 para modelos
 []


Overfull \hbox (35.84941pt too wide) in paragraph at lines 956--959
[]\T1/lmtt/m/n/12 Durante os ensaios, observou-se que o sistema manteve tempos 
de inferência
 []


Overfull \hbox (14.05612pt too wide) in paragraph at lines 956--959
\T1/lmtt/m/n/12 estáveis, próximos de 200 ms por imagem. A Figura []10[] aprese
nta um exemplo do
 []


Overfull \hbox (7.88112pt too wide) in paragraph at lines 956--959
\T1/lmtt/m/n/12 ensaio com um objeto metálico, onde o tempo de inferência regis
trado foi de
 []


Overfull \hbox (1.70612pt too wide) in paragraph at lines 956--959
\T1/lmtt/m/n/12 aproximadamente 204 ms. Esse valor é representativo do comporta
mento geral
 []


Overfull \hbox (20.23112pt too wide) in paragraph at lines 956--959
\T1/lmtt/m/n/12 do modelo durante todo o período de testes. Todos os ensaios fo
ram realizados
 []

<imagens/ensaios/metal.png, id=939, 965.85844pt x 441.90094pt>
File: imagens/ensaios/metal.png Graphic file (type png)
<use imagens/ensaios/metal.png>
Package pdftex.def Info: imagens/ensaios/metal.png  used on input line 962.
(pdftex.def)             Requested size: 386.96027pt x 177.04044pt.

Underfull \vbox (badness 10000) has occurred while \output is active []



[41]
Overfull \hbox (54.06567pt too wide) in paragraph at lines 968--970
[]\T1/lmtt/m/n/12 Também foi avaliado o desempenho com resíduos da classe papel
 A4. A Figura []11[]
 []


Overfull \hbox (19.92238pt too wide) in paragraph at lines 968--970
\T1/lmtt/m/n/12 mostra que o sistema apresentou tempo de inferência da ordem de
 220 ms, valor
 []

<imagens/ensaios/papel.png, id=945, 959.83594pt x 435.12563pt>
File: imagens/ensaios/papel.png Graphic file (type png)
<use imagens/ensaios/papel.png>
Package pdftex.def Info: imagens/ensaios/papel.png  used on input line 973.
(pdftex.def)             Requested size: 386.96027pt x 175.42152pt.

Overfull \hbox (11.1494pt too wide) in paragraph at lines 979--980
[]\T1/lmtt/m/n/12 A Figura []12[] corresponde ao ensaio com papelão, com tempo 
de inferência
 []


Overfull \hbox (32.58113pt too wide) in paragraph at lines 979--980
\T1/lmtt/m/n/12 em torno de 210 ms, mantendo o padrão observado nos demais test
es e confirmando
 []


Overfull \hbox (52.95863pt too wide) in paragraph at lines 979--980
\T1/lmtt/m/n/12 estabilidade temporal do modelo. As amostras de papelão são cai
xas de medicamentos. 
 []

<imagens/ensaios/papelao.png, id=947, 986.18437pt x 449.42906pt>
File: imagens/ensaios/papelao.png Graphic file (type png)
<use imagens/ensaios/papelao.png>
Package pdftex.def Info: imagens/ensaios/papelao.png  used on input line 983.
(pdftex.def)             Requested size: 386.96027pt x 176.34642pt.

Underfull \vbox (badness 10000) has occurred while \output is active []



[42 <./imagens/ensaios/metal.png> <./imagens/ensaios/papel.png>]
Overfull \hbox (17.3244pt too wide) in paragraph at lines 989--990
[]\T1/lmtt/m/n/12 Por fim, a Figura []13[] mostra o desempenho com material têx
til, novamente
 []


Overfull \hbox (1.70612pt too wide) in paragraph at lines 989--990
\T1/lmtt/m/n/12 mantendo tempos de inferência próximos de 210 ms. Neste caso fo
i utilizada
 []

<imagens/ensaios/textil.png, id=955, 981.6675pt x 440.39531pt>
File: imagens/ensaios/textil.png Graphic file (type png)
<use imagens/ensaios/textil.png>
Package pdftex.def Info: imagens/ensaios/textil.png  used on input line 993.
(pdftex.def)             Requested size: 386.96027pt x 173.59473pt.

Overfull \hbox (60.54942pt too wide) in paragraph at lines 1001--1003
[]\T1/lmtt/m/n/12 Em todos os experimentos, o uso de CPU observado no processo 
python permaneceu
 []


Overfull \hbox (20.23112pt too wide) in paragraph at lines 1001--1003
\T1/lmtt/m/n/12 entre 25% e 27%. Esse valor indica utilização praticamente comp
leta de um dos
 []


Overfull \hbox (14.05612pt too wide) in paragraph at lines 1001--1003
\T1/lmtt/m/n/12 quatro núcleos do Raspberry Pi, o que é esperado, pois o Tensor
Flow Lite, em
 []


Overfull \hbox (7.88112pt too wide) in paragraph at lines 1001--1003
\T1/lmtt/m/n/12 sua configuração padrão, executa inferências utilizando apenas 
um núcleo de
 []


Overfull \hbox (11.1424pt too wide) in paragraph at lines 1004--1006
[]\T1/lmtt/m/n/12 O consumo de memória RAM apresentou valores entre 85 MB e 90 
MB para o
 []


Overfull \hbox (38.75613pt too wide) in paragraph at lines 1004--1006
\T1/lmtt/m/n/12 processo responsável pela inferência, enquanto o uso total do s
istema permaneceu
 []


Overfull \hbox (20.23112pt too wide) in paragraph at lines 1004--1006
\T1/lmtt/m/n/12 entre 280 MB e 330 MB. Esses valores confirmam que a aplicação 
opera de forma
 []


Overfull \hbox (42.02441pt too wide) in paragraph at lines 1009--1010
[]\T1/lmtt/m/n/12 Os resultados obtidos permitem concluir que o modelo MobileNe
tV2 quantizado
 []


Overfull \hbox (57.28114pt too wide) in paragraph at lines 1009--1010
\T1/lmtt/m/n/12 executado via TensorFlow Lite apresenta desempenho adequado par
a operação embarcada
 []



[43 <./imagens/ensaios/papelao.png> <./imagens/ensaios/textil.png>]
Overfull \hbox (4.9744pt too wide) in paragraph at lines 1018--1019
[]\T1/lmtt/m/n/12 Esses valores estão alinhados com trabalhos similares na lite
ratura e
 []


Overfull \hbox (20.23112pt too wide) in paragraph at lines 1018--1019
\T1/lmtt/m/n/12 confirmam que a solução do estudo de caso atende aos requisitos
 de desempenho
 []


Overfull \hbox (23.4994pt too wide) in paragraph at lines 1023--1024
[]\T1/lmtt/m/n/12 Durante o desenvolvimento e a análise dos resultados, algumas
 limitações
 []


Overfull \hbox (38.75613pt too wide) in paragraph at lines 1023--1024
\T1/lmtt/m/n/12 do modelo puderam ser observadas. A matriz de confusão apresent
ada anteriormente
 []


Overfull \hbox (51.10614pt too wide) in paragraph at lines 1023--1024
\T1/lmtt/m/n/12 já indicava a tendência do modelo em confundir determinadas cla
sses, especialmente
 []


Overfull \hbox (7.57237pt too wide) in paragraph at lines 1023--1024
\T1/lmtt/m/n/12 entre vidro, plástico e metal. Esse comportamento está alinhado
 com o valor
 []


Overfull \hbox (14.04912pt too wide) in paragraph at lines 1023--1024
\T1/lmtt/m/n/12 do escore F1 obtido (aproximadamente 0,68), evidenciando que ai
nda há margem
 []


Overfull \hbox (48.19942pt too wide) in paragraph at lines 1025--1026
[]\T1/lmtt/m/n/12 Outro ponto notado foi a influência da iluminação e da forma 
como os objetos
 []


Overfull \hbox (57.28114pt too wide) in paragraph at lines 1025--1026
\T1/lmtt/m/n/12 são posicionados durante a captura das imagens. Variações nesse
s fatores impactaram
 []


Overfull \hbox (32.58113pt too wide) in paragraph at lines 1025--1026
\T1/lmtt/m/n/12 diretamente o desempenho, sugerindo que a padronização das cond
ições de captura
 []


Overfull \hbox (20.4119pt too wide) in paragraph at lines 1027--1028
[]\T1/lmtt/m/n/12 Além disso, embora o uso de bancos de dados públicos tenha si
do valioso,
 []


Overfull \hbox (44.93114pt too wide) in paragraph at lines 1027--1028
\T1/lmtt/m/n/12 eles nem sempre se mostraram totalmente adequados para um probl
ema tão específico
 []


Overfull \hbox (23.31862pt too wide) in paragraph at lines 1027--1028
\T1/lmtt/m/n/12 quanto o abordado neste trabalho. A criação de um conjunto de i
magens próprio,
 []


Overfull \hbox (1.70612pt too wide) in paragraph at lines 1027--1028
\T1/lmtt/m/n/12 mais direcionado ao contexto real de uso, pode melhorar signifi
cativamente
 []


Overfull \hbox (14.05612pt too wide) in paragraph at lines 1027--1028
\T1/lmtt/m/n/12 a qualidade do treinamento. Uma abordagem híbrida, combinando d
ados próprios
 []


Overfull \hbox (68.57692pt too wide) in paragraph at lines 1029--1030
[]\T1/lmtt/m/n/12 A qualidade e o tipo da câmera utilizada também se mostraram 
fatores relevantes.
 []


Overfull \hbox (7.57237pt too wide) in paragraph at lines 1029--1030
\T1/lmtt/m/n/12 A câmera empregada apresentou limitações, como ruído visual e g
ranulação, o
 []


Overfull \hbox (69.63115pt too wide) in paragraph at lines 1029--1030
\T1/lmtt/m/n/12 que possivelmente afetou o desempenho do modelo. Para trabalhos
 futuros, recomenda-se
 []


Overfull \hbox (1.70612pt too wide) in paragraph at lines 1029--1030
\T1/lmtt/m/n/12 utilizar a mesma câmera tanto para a construção do conjunto de 
treinamento
 []


Overfull \hbox (40.60863pt too wide) in paragraph at lines 1029--1030
\T1/lmtt/m/n/12 quanto para a realização das inferências, ou empregar câmeras d
e maior qualidade. 
 []


Overfull \hbox (4.9744pt too wide) in paragraph at lines 1031--1032
[]\T1/lmtt/m/n/12 Por fim, observa-se que a otimização dos parâmetros e hiperpa
râmetros
 []


Overfull \hbox (69.63115pt too wide) in paragraph at lines 1031--1032
\T1/lmtt/m/n/12 do modelo pode ser uma linha promissora de evolução. Técnicas c
omo ajuste sistemático
 []


Overfull \hbox (32.58113pt too wide) in paragraph at lines 1031--1032
\T1/lmtt/m/n/12 de taxa de aprendizado, número de camadas treináveis, funções d
e ativação, além
 []


Overfull \hbox (19.92238pt too wide) in paragraph at lines 1031--1032
\T1/lmtt/m/n/12 de estratégias de data augmentation específicas, podem contribu
ir para elevar
 []



[44]
Cap\'{\i }tulo 7.

Overfull \hbox (4.9744pt too wide) in paragraph at lines 1039--1040
[]\T1/lmtt/m/n/12 O presente trabalho teve como objetivo geral avaliar a viabil
idade da
 []


Overfull \hbox (1.70612pt too wide) in paragraph at lines 1039--1040
\T1/lmtt/m/n/12 aplicação de técnicas de aprendizado de máquina em dispositivos
 embarcados
 []


Overfull \hbox (14.05612pt too wide) in paragraph at lines 1039--1040
\T1/lmtt/m/n/12 com recursos computacionais limitados. Com base nos resultados 
obtidos e nas
 []


Overfull \hbox (20.23112pt too wide) in paragraph at lines 1039--1040
\T1/lmtt/m/n/12 etapas desenvolvidas ao longo do estudo, é possível afirmar que
 esse objetivo
 []


Overfull \hbox (23.4994pt too wide) in paragraph at lines 1041--1042
[]\T1/lmtt/m/n/12 Os objetivos específicos definidos no Capítulo []1[] também f
oram alcançados
 []


Overfull \hbox (26.40613pt too wide) in paragraph at lines 1041--1042
\T1/lmtt/m/n/12 de forma consistente. Primeiramente, realizou-se uma pesquisa a
brangente sobre
 []


Overfull \hbox (26.40613pt too wide) in paragraph at lines 1041--1042
\T1/lmtt/m/n/12 ferramentas de desenvolvimento TinyML, destacando suas capacida
des, limitações
 []


Overfull \hbox (38.75613pt too wide) in paragraph at lines 1041--1042
\T1/lmtt/m/n/12 e adequação a diferentes cenários de uso. Em seguida, o levanta
mento e a análise
 []


Overfull \hbox (13.74738pt too wide) in paragraph at lines 1041--1042
\T1/lmtt/m/n/12 das principais plataformas de hardware disponíveis permitiram c
ontextualizar
 []


Overfull \hbox (14.05612pt too wide) in paragraph at lines 1041--1042
\T1/lmtt/m/n/12 alternativas viáveis para implementação de soluções embarcadas,
 considerando
 []


Overfull \hbox (91.42444pt too wide) in paragraph at lines 1043--1044
[]\T1/lmtt/m/n/12 Na sequência, foi elaborado um fluxo de trabalho ponta-a-pont
a para desenvolvimento
 []


Overfull \hbox (7.88112pt too wide) in paragraph at lines 1043--1044
\T1/lmtt/m/n/12 de soluções TinyML, cobrindo desde a aquisição e preparação dos
 dados até a
 []


Overfull \hbox (26.40613pt too wide) in paragraph at lines 1043--1044
\T1/lmtt/m/n/12 quantização, validação e implantação do modelo. Esse fluxo se m
ostrou adequado
 []


Overfull \hbox (7.88112pt too wide) in paragraph at lines 1043--1044
\T1/lmtt/m/n/12 tanto conceitualmente quanto na prática, servindo como diretriz
 estruturada
 []


Overfull \hbox (11.1494pt too wide) in paragraph at lines 1045--1046
[]\T1/lmtt/m/n/12 Por fim, o quarto objetivo específico ^^V o desenvolvimento d
e um modelo
 []


Overfull \hbox (27.94987pt too wide) in paragraph at lines 1045--1046
\T1/lmtt/m/n/12 TinyML para classificação de resíduos sólidos ^^V foi atingido 
de forma completa.
 []


Overfull \hbox (38.75613pt too wide) in paragraph at lines 1045--1046
\T1/lmtt/m/n/12 O modelo implementado, baseado em uma MobileNetV2 quantizada em
 INT8, apresentou
 []


Overfull \hbox (32.58113pt too wide) in paragraph at lines 1045--1046
\T1/lmtt/m/n/12 desempenho satisfatório dentro das restrições de hardware, com 
latência estável
 []


Overfull \hbox (17.14362pt too wide) in paragraph at lines 1045--1046
\T1/lmtt/m/n/12 em torno de 200 ms e consumo reduzido de recursos computacionai
s. Além disso,
 []


Overfull \hbox (1.70612pt too wide) in paragraph at lines 1045--1046
\T1/lmtt/m/n/12 foi possível compará-lo diretamente com o estudo de referência 
do conjunto
 []


Overfull \hbox (7.88112pt too wide) in paragraph at lines 1045--1046
\T1/lmtt/m/n/12 de dados RealWaste, reforçando a coerência dos resultados e evi
denciando os
 []


Overfull \hbox (11.1494pt too wide) in paragraph at lines 1047--1048
[]\T1/lmtt/m/n/12 Os experimentos realizados demonstram que o uso de TinyML pod
e ser uma
 []


Overfull \hbox (32.58113pt too wide) in paragraph at lines 1047--1048
\T1/lmtt/m/n/12 alternativa viável para sistemas que exigem processamento local
, baixa latência
 []


Overfull \hbox (51.10614pt too wide) in paragraph at lines 1047--1048
\T1/lmtt/m/n/12 e independência de conectividade, desde que os requisitos de la
tência da aplicação
 []


Overfull \hbox (14.05612pt too wide) in paragraph at lines 1047--1048
\T1/lmtt/m/n/12 alvo sejam atendidos. Embora o desempenho obtido seja inferior 
ao de modelos
 []


Overfull \hbox (1.70612pt too wide) in paragraph at lines 1047--1048
\T1/lmtt/m/n/12 executados em ambientes tradicionais de maior capacidade comput
acional, os
 []


Overfull \hbox (7.88112pt too wide) in paragraph at lines 1047--1048
\T1/lmtt/m/n/12 resultados mostram que, para o contexto de recursos limitados d
a plataforma
 []


Overfull \hbox (26.40613pt too wide) in paragraph at lines 1047--1048
\T1/lmtt/m/n/12 Raspberry Pi 3, soluções compactas e quantizadas podem operar d
e forma robusta
 []


Overfull \hbox (23.4994pt too wide) in paragraph at lines 1049--1050
[]\T1/lmtt/m/n/12 Como perspectivas de continuidade, sugere-se o aprimoramento 
do conjunto
 []


Overfull \hbox (26.40613pt too wide) in paragraph at lines 1049--1050
\T1/lmtt/m/n/12 de dados, a adoção de câmeras de maior qualidade, a exploração 
de arquiteturas
 []


Overfull \hbox (3.55861pt too wide) in paragraph at lines 1049--1050
\T1/lmtt/m/n/12 mais otimizadas para quantização e o ajuste sistemático de hipe
rparâmetros.
 []


Overfull \hbox (38.75613pt too wide) in paragraph at lines 1049--1050
\T1/lmtt/m/n/12 Essas estratégias podem elevar a precisão do modelo e ampliar s
ua aplicabilidade
 []


Overfull \hbox (17.01566pt too wide) in paragraph at lines 1051--1052
[]\T1/lmtt/m/n/12 Em síntese, o trabalho confirma que técnicas de TinyML podem 
substituir
 []


Overfull \hbox (75.80615pt too wide) in paragraph at lines 1051--1052
\T1/lmtt/m/n/12 ou complementar arquiteturas tradicionais de IoT em aplicações 
práticas, especialmente
 []


Overfull \hbox (14.05612pt too wide) in paragraph at lines 1051--1052
\T1/lmtt/m/n/12 em cenários onde a velocidade de inferência obtida é suficiente
 para o fluxo
 []


Overfull \hbox (1.70612pt too wide) in paragraph at lines 1051--1052
\T1/lmtt/m/n/12 de trabalho, consolidando o potencial da computação de borda co
mo elemento
 []



[45

]
Overfull \hbox (20.4119pt too wide) in paragraph at lines 1053--1054
[]\T1/lmtt/m/n/12 Assim, além de comprovar a viabilidade técnica para este estu
do de caso,
 []


Overfull \hbox (7.88112pt too wide) in paragraph at lines 1053--1054
\T1/lmtt/m/n/12 este estudo evidencia que aplicações TinyML representam um cami
nho concreto
 []


Overfull \hbox (1.70612pt too wide) in paragraph at lines 1053--1054
\T1/lmtt/m/n/12 para a próxima geração de sistemas inteligentes embarcados que 
priorizam a
 []


Overfull \hbox (7.88112pt too wide) in paragraph at lines 1053--1054
\T1/lmtt/m/n/12 eficiência energética e a autonomia de processamento, reforçand
o o papel de
 []



[46]

[47

]

[48]

[49]

[50] (C:\gitclones\ai4rpi\build\tcc1_maxwell.aux)
 ***********
LaTeX2e <2025-06-01> patch level 1
L3 programming layer <2020/03/25>
 ***********
Package rerunfilecheck Info: File `tcc1_maxwell.out' has not changed.
(rerunfilecheck)             Checksum: 95ABBDE2D2FAE9D90EC7674E99F0C8FB;11088.
Package logreq Info: Writing requests to 'tcc1_maxwell.run.xml'.
\openout1 = `tcc1_maxwell.run.xml'.

 )
(\end occurred inside a group at level 1)

### simple group (level 1) entered at line 585 ({)
### bottom level 
Here is how much of TeX's memory you used:
 69947 strings out of 468080
 1639558 string characters out of 5431078
 2826995 words of memory out of 5000000
 97095 multiletter control sequences out of 15000+600000
 748972 words of font info for 312 fonts, out of 8000000 for 9000
 1141 hyphenation exceptions out of 8191
 117i,11n,129p,1913b,3961s stack positions out of 10000i,1000n,20000p,200000b,200000s
<C:/miktex-portable/texmfs/install/fonts/type1/public/lm/lmbx10
.pfb><C:/miktex-portable/texmfs/install/fonts/type1/public/lm/lmbx12.pfb><C:/mi
ktex-portable/texmfs/install/fonts/type1/public/lm/lmbxi10.pfb><C:/miktex-porta
ble/texmfs/install/fonts/type1/public/lm/lmcsc10.pfb><C:/miktex-portable/texmfs
/install/fonts/type1/public/lm/lmex10.pfb><C:/miktex-portable/texmfs/install/fo
nts/type1/public/lm/lmmi12.pfb><C:/miktex-portable/texmfs/install/fonts/type1/p
ublic/lm/lmmi8.pfb><C:/miktex-portable/texmfs/install/fonts/type1/public/lm/lmr
10.pfb><C:/miktex-portable/texmfs/install/fonts/type1/public/lm/lmr12.pfb><C:/m
iktex-portable/texmfs/install/fonts/type1/public/lm/lmr7.pfb><C:/miktex-portabl
e/texmfs/install/fonts/type1/public/lm/lmr8.pfb><C:/miktex-portable/texmfs/inst
all/fonts/type1/public/lm/lmri10.pfb><C:/miktex-portable/texmfs/install/fonts/t
ype1/public/lm/lmri12.pfb><C:/miktex-portable/texmfs/install/fonts/type1/public
/lm/lmro10.pfb><C:/miktex-portable/texmfs/install/fonts/type1/public/lm/lmss12.
pfb><C:/miktex-portable/texmfs/install/fonts/type1/public/lm/lmssbo10.pfb><C:/m
iktex-portable/texmfs/install/fonts/type1/public/lm/lmssbx10.pfb><C:/miktex-por
table/texmfs/install/fonts/type1/public/lm/lmsy10.pfb><C:/miktex-portable/texmf
s/install/fonts/type1/public/lm/lmsy8.pfb><C:/miktex-portable/texmfs/install/fo
nts/type1/public/lm/lmtcsc10.pfb><C:/miktex-portable/texmfs/install/fonts/type1
/public/lm/lmtk10.pfb><C:/miktex-portable/texmfs/install/fonts/type1/public/lm/
lmtt10.pfb><C:/miktex-portable/texmfs/install/fonts/type1/public/lm/lmtt12.pfb>
<C:/miktex-portable/texmfs/install/fonts/type1/public/lm/lmtti10.pfb>
Output written on C:\gitclones\ai4rpi\build\tcc1_maxwell.pdf (50 pages, 3808971
 bytes).
PDF statistics:
 1226 PDF objects out of 1440 (max. 8388607)
 259 named destinations out of 1000 (max. 500000)
 66670 words of extra memory for PDF output out of 74296 (max. 10000000)

